0,0,1,0,0,0,14,0,32,0,17
0,1,0,0,2,0,10,0,38,0,14
0,2,0,0,2,0,10,0,38,0,14
0,3,0,0,0,0,12,0,40,0,12
0,4,0,0,2,0,10,0,38,0,14
0,5,0,0,0,0,12,0,40,0,12
0,6,0,0,0,4,0,24,0,36,0
0,7,0,0,0,0,0,32,0,32,0
0,8,0,0,2,0,10,0,38,0,14
0,9,0,0,0,4,0,24,0,36,0
0,10,0,0,0,0,12,0,40,0,12
0,11,0,0,0,0,0,32,0,32,0
0,12,0,0,0,0,12,0,40,0,12
0,13,0,0,0,0,0,32,0,32,0
0,14,0,0,0,0,0,32,0,32,0
0,15,0,0,0,0,4,0,56,0,4
1,0,0,1,0,3,4,15,16,13,12
1,1,0,0,1,2,5,12,19,18,7
1,2,0,0,0,4,2,16,20,12,10
1,3,0,0,0,0,6,16,20,16,6
1,4,0,0,0,4,2,16,20,12,10
1,5,0,0,0,0,6,16,20,16,6
1,6,0,0,0,0,10,8,20,24,2
1,7,0,0,0,0,2,16,28,16,2
1,8,0,1,0,3,4,15,16,13,12
1,9,0,0,1,2,5,12,19,18,7
1,10,0,0,0,4,2,16,20,12,10
1,11,0,0,0,0,6,16,20,16,6
1,12,0,0,0,4,2,16,20,12,10
1,13,0,0,0,0,6,16,20,16,6
1,14,0,0,0,0,10,8,20,24,2
1,15,0,0,0,0,2,16,28,16,2
2,0,0,1,0,3,4,15,16,13,12
2,1,0,0,0,4,2,16,20,12,10
2,2,0,0,1,2,5,12,19,18,7
2,3,0,0,0,0,6,16,20,16,6
2,4,0,1,0,3,4,15,16,13,12
2,5,0,0,0,4,2,16,20,12,10
2,6,0,0,1,2,5,12,19,18,7
2,7,0,0,0,0,6,16,20,16,6
2,8,0,0,0,4,2,16,20,12,10
2,9,0,0,0,0,10,8,20,24,2
2,10,0,0,0,0,6,16,20,16,6
2,11,0,0,0,0,2,16,28,16,2
2,12,0,0,0,4,2,16,20,12,10
2,13,0,0,0,0,10,8,20,24,2
2,14,0,0,0,0,6,16,20,16,6
2,15,0,0,0,0,2,16,28,16,2
3,0,0,0,2,0,6,16,14,16,10
3,1,0,0,0,2,6,12,20,18,6
3,2,0,0,0,2,6,12,20,18,6
3,3,0,0,0,0,4,16,24,16,4
3,4,0,0,2,0,6,16,14,16,10
3,5,0,0,0,2,6,12,20,18,6
3,6,0,0,0,2,6,12,20,18,6
3,7,0,0,0,0,4,16,24,16,4
3,8,0,0,2,0,6,16,14,16,10
3,9,0,0,0,2,6,12,20,18,6
3,10,0,0,0,2,6,12,20,18,6
3,11,0,0,0,0,4,16,24,16,4
3,12,0,0,2,0,6,16,14,16,10
3,13,0,0,0,2,6,12,20,18,6
3,14,0,0,0,2,6,12,20,18,6
3,15,0,0,0,0,4,16,24,16,4
4,0,0,0,2,0,6,16,14,16,10
4,1,0,0,0,2,6,12,20,18,6
4,2,0,0,0,2,6,12,20,18,6
4,3,0,0,0,0,4,16,24,16,4
4,4,0,0,2,0,6,16,14,16,10
4,5,0,0,0,2,6,12,20,18,6
4,6,0,0,0,2,6,12,20,18,6
4,7,0,0,0,0,4,16,24,16,4
4,8,0,0,2,0,6,16,14,16,10
4,9,0,0,0,2,6,12,20,18,6
4,10,0,0,0,2,6,12,20,18,6
4,11,0,0,0,0,4,16,24,16,4
4,12,0,0,2,0,6,16,14,16,10
4,13,0,0,0,2,6,12,20,18,6
4,14,0,0,0,2,6,12,20,18,6
4,15,0,0,0,0,4,16,24,16,4
5,0,0,1,0,3,4,15,16,13,12
5,1,0,0,0,4,2,16,20,12,10
5,2,0,0,1,2,5,12,19,18,7
5,3,0,0,0,0,6,16,20,16,6
5,4,0,1,0,3,4,15,16,13,12
5,5,0,0,0,4,2,16,20,12,10
5,6,0,0,1,2,5,12,19,18,7
5,7,0,0,0,0,6,16,20,16,6
5,8,0,0,0,4,2,16,20,12,10
5,9,0,0,0,0,10,8,20,24,2
5,10,0,0,0,0,6,16,20,16,6
5,11,0,0,0,0,2,16,28,16,2
5,12,0,0,0,4,2,16,20,12,10
5,13,0,0,0,0,10,8,20,24,2
5,14,0,0,0,0,6,16,20,16,6
5,15,0,0,0,0,2,16,28,16,2
6,0,0,1,0,3,4,15,16,13,12
6,1,0,0,1,2,5,12,19,18,7
6,2,0,0,0,4,2,16,20,12,10
6,3,0,0,0,0,6,16,20,16,6
6,4,0,0,0,4,2,16,20,12,10
6,5,0,0,0,0,6,16,20,16,6
6,6,0,0,0,0,10,8,20,24,2
6,7,0,0,0,0,2,16,28,16,2
6,8,0,1,0,3,4,15,16,13,12
6,9,0,0,1,2,5,12,19,18,7
6,10,0,0,0,4,2,16,20,12,10
6,11,0,0,0,0,6,16,20,16,6
6,12,0,0,0,4,2,16,20,12,10
6,13,0,0,0,0,6,16,20,16,6
6,14,0,0,0,0,10,8,20,24,2
6,15,0,0,0,0,2,16,28,16,2
7,0,0,0,4,0,4,16,12,16,12
7,1,0,0,2,0,6,16,14,16,10
7,2,0,0,2,0,6,16,14,16,10
7,3,0,0,0,0,8,16,16,16,8
7,4,0,0,2,0,6,16,14,16,10
7,5,0,0,0,0,8,16,16,16,8
7,6,0,0,0,4,4,8,24,20,4
7,7,0,0,0,0,4,16,24,16,4
7,8,0,0,2,0,6,16,14,16,10
7,9,0,0,0,4,4,8,24,20,4
7,10,0,0,0,0,8,16,16,16,8
7,11,0,0,0,0,4,16,24,16,4
7,12,0,0,0,0,8,16,16,16,8
7,13,0,0,0,0,4,16,24,16,4
7,14,0,0,0,0,4,16,24,16,4
7,15,0,0,0,0,0,16,32,16,0
8,0,0,1,0,3,4,15,16,13,12
8,1,0,0,0,4,2,16,20,12,10
8,2,0,1,0,3,4,15,16,13,12
8,3,0,0,0,4,2,16,20,12,10
8,4,0,0,1,2,5,12,19,18,7
8,5,0,0,0,0,6,16,20,16,6
8,6,0,0,1,2,5,12,19,18,7
8,7,0,0,0,0,6,16,20,16,6
8,8,0,0,0,4,2,16,20,12,10
8,9,0,0,0,0,10,8,20,24,2
8,10,0,0,0,4,2,16,20,12,10
8,11,0,0,0,0,10,8,20,24,2
8,12,0,0,0,0,6,16,20,16,6
8,13,0,0,0,0,2,16,28,16,2
8,14,0,0,0,0,6,16,20,16,6
8,15,0,0,0,0,2,16,28,16,2
9,0,0,0,1,2,7,12,15,18,9
9,1,0,0,0,2,6,12,20,18,6
9,2,0,0,1,2,7,12,15,18,9
9,3,0,0,0,2,6,12,20,18,6
9,4,0,0,0,2,6,12,20,18,6
9,5,0,0,0,0,4,16,24,16,4
9,6,0,0,0,2,6,12,20,18,6
9,7,0,0,0,0,4,16,24,16,4
9,8,0,0,1,2,7,12,15,18,9
9,9,0,0,0,2,6,12,20,18,6
9,10,0,0,1,2,7,12,15,18,9
9,11,0,0,0,2,6,12,20,18,6
9,12,0,0,0,2,6,12,20,18,6
9,13,0,0,0,0,4,16,24,16,4
9,14,0,0,0,2,6,12,20,18,6
9,15,0,0,0,0,4,16,24,16,4
10,0,0,0,1,4,3,12,19,16,9
10,1,0,0,0,2,4,16,20,14,8
10,2,0,0,1,2,9,8,15,22,7
10,3,0,0,0,0,10,12,16,20,6
10,4,0,1,0,1,6,15,16,15,10
10,5,0,0,0,2,4,16,20,14,8
10,6,0,0,1,4,3,12,19,16,9
10,7,0,0,0,2,4,16,20,14,8
10,8,0,0,0,2,4,16,20,14,8
10,9,0,0,0,0,6,12,24,20,2
10,10,0,0,0,0,10,12,16,20,6
10,11,0,0,0,2,0,16,28,14,4
10,12,0,0,0,2,4,16,20,14,8
10,13,0,0,0,0,6,12,24,20,2
10,14,0,0,0,2,4,16,20,14,8
10,15,0,0,0,0,6,12,24,20,2
11,0,0,0,0,3,7,10,18,19,7
11,1,0,0,0,1,5,14,22,17,5
11,2,0,0,0,3,7,10,18,19,7
11,3,0,0,0,1,5,14,22,17,5
11,4,0,0,1,1,6,14,17,17,8
11,5,0,0,0,1,5,14,22,17,5
11,6,0,0,1,1,6,14,17,17,8
11,7,0,0,0,1,5,14,22,17,5
11,8,0,0,0,3,7,10,18,19,7
11,9,0,0,0,1,5,14,22,17,5
11,10,0,0,0,3,7,10,18,19,7
11,11,0,0,0,1,5,14,22,17,5
11,12,0,0,1,1,6,14,17,17,8
11,13,0,0,0,1,5,14,22,17,5
11,14,0,0,1,1,6,14,17,17,8
11,15,0,0,0,1,5,14,22,17,5
12,0,0,0,0,3,7,10,18,19,7
12,1,0,0,0,1,5,14,22,17,5
12,2,0,0,0,3,7,10,18,19,7
12,3,0,0,0,1,5,14,22,17,5
12,4,0,0,1,1,6,14,17,17,8
12,5,0,0,0,1,5,14,22,17,5
12,6,0,0,1,1,6,14,17,17,8
12,7,0,0,0,1,5,14,22,17,5
12,8,0,0,0,3,7,10,18,19,7
12,9,0,0,0,1,5,14,22,17,5
12,10,0,0,0,3,7,10,18,19,7
12,11,0,0,0,1,5,14,22,17,5
12,12,0,0,1,1,6,14,17,17,8
12,13,0,0,0,1,5,14,22,17,5
12,14,0,0,1,1,6,14,17,17,8
12,15,0,0,0,1,5,14,22,17,5
13,0,0,0,1,2,9,8,15,22,7
13,1,0,0,0,0,10,12,16,20,6
13,2,0,0,1,4,3,12,19,16,9
13,3,0,0,0,2,4,16,20,14,8
13,4,0,0,1,4,3,12,19,16,9
13,5,0,0,0,2,4,16,20,14,8
13,6,0,1,0,1,6,15,16,15,10
13,7,0,0,0,2,4,16,20,14,8
13,8,0,0,0,0,10,12,16,20,6
13,9,0,0,0,2,0,16,28,14,4
13,10,0,0,0,2,4,16,20,14,8
13,11,0,0,0,0,6,12,24,20,2
13,12,0,0,0,2,4,16,20,14,8
13,13,0,0,0,0,6,12,24,20,2
13,14,0,0,0,2,4,16,20,14,8
13,15,0,0,0,0,6,12,24,20,2
14,0,0,0,1,2,7,12,15,18,9
14,1,0,0,0,2,6,12,20,18,6
14,2,0,0,1,2,7,12,15,18,9
14,3,0,0,0,2,6,12,20,18,6
14,4,0,0,0,2,6,12,20,18,6
14,5,0,0,0,0,4,16,24,16,4
14,6,0,0,0,2,6,12,20,18,6
14,7,0,0,0,0,4,16,24,16,4
14,8,0,0,1,2,7,12,15,18,9
14,9,0,0,0,2,6,12,20,18,6
14,10,0,0,1,2,7,12,15,18,9
14,11,0,0,0,2,6,12,20,18,6
14,12,0,0,0,2,6,12,20,18,6
14,13,0,0,0,0,4,16,24,16,4
14,14,0,0,0,2,6,12,20,18,6
14,15,0,0,0,0,4,16,24,16,4
15,0,0,0,1,4,7,8,15,20,9
15,1,0,0,0,2,8,12,16,18,8
15,2,0,0,1,4,7,8,15,20,9
15,3,0,0,0,2,8,12,16,18,8
15,4,0,0,1,2,5,12,19,18,7
15,5,0,0,0,0,6,16,20,16,6
15,6,0,0,1,2,5,12,19,18,7
15,7,0,0,0,0,6,16,20,16,6
15,8,0,0,0,2,8,12,16,18,8
15,9,0,0,0,2,4,12,24,18,4
15,10,0,0,0,2,8,12,16,18,8
15,11,0,0,0,2,4,12,24,18,4
15,12,0,0,0,0,6,16,20,16,6
15,13,0,0,0,0,2,16,28,16,2
15,14,0,0,0,0,6,16,20,16,6
15,15,0,0,0,0,2,16,28,16,2
16,0,0,1,0,3,4,15,16,13,12
16,1,0,1,0,3,4,15,16,13,12
16,2,0,0,0,4,2,16,20,12,10
16,3,0,0,0,4,2,16,20,12,10
16,4,0,0,0,4,2,16,20,12,10
16,5,0,0,0,4,2,16,20,12,10
16,6,0,0,0,0,10,8,20,24,2
16,7,0,0,0,0,10,8,20,24,2
16,8,0,0,1,2,5,12,19,18,7
16,9,0,0,1,2,5,12,19,18,7
16,10,0,0,0,0,6,16,20,16,6
16,11,0,0,0,0,6,16,20,16,6
16,12,0,0,0,0,6,16,20,16,6
16,13,0,0,0,0,6,16,20,16,6
16,14,0,0,0,0,2,16,28,16,2
16,15,0,0,0,0,2,16,28,16,2
17,0,0,0,1,4,3,12,19,16,9
17,1,0,0,1,2,9,8,15,22,7
17,2,0,0,0,2,4,16,20,14,8
17,3,0,0,0,0,10,12,16,20,6
17,4,0,0,0,2,4,16,20,14,8
17,5,0,0,0,0,10,12,16,20,6
17,6,0,0,0,0,6,12,24,20,2
17,7,0,0,0,2,0,16,28,14,4
17,8,0,1,0,1,6,15,16,15,10
17,9,0,0,1,4,3,12,19,16,9
17,10,0,0,0,2,4,16,20,14,8
17,11,0,0,0,2,4,16,20,14,8
17,12,0,0,0,2,4,16,20,14,8
17,13,0,0,0,2,4,16,20,14,8
17,14,0,0,0,0,6,12,24,20,2
17,15,0,0,0,0,6,12,24,20,2
18,0,0,0,1,2,7,12,15,18,9
18,1,0,0,1,2,7,12,15,18,9
18,2,0,0,0,2,6,12,20,18,6
18,3,0,0,0,2,6,12,20,18,6
18,4,0,0,1,2,7,12,15,18,9
18,5,0,0,1,2,7,12,15,18,9
18,6,0,0,0,2,6,12,20,18,6
18,7,0,0,0,2,6,12,20,18,6
18,8,0,0,0,2,6,12,20,18,6
18,9,0,0,0,2,6,12,20,18,6
18,10,0,0,0,0,4,16,24,16,4
18,11,0,0,0,0,4,16,24,16,4
18,12,0,0,0,2,6,12,20,18,6
18,13,0,0,0,2,6,12,20,18,6
18,14,0,0,0,0,4,16,24,16,4
18,15,0,0,0,0,4,16,24,16,4
19,0,0,0,0,3,7,10,18,19,7
19,1,0,0,0,3,7,10,18,19,7
19,2,0,0,0,1,5,14,22,17,5
19,3,0,0,0,1,5,14,22,17,5
19,4,0,0,0,3,7,10,18,19,7
19,5,0,0,0,3,7,10,18,19,7
19,6,0,0,0,1,5,14,22,17,5
19,7,0,0,0,1,5,14,22,17,5
19,8,0,0,1,1,6,14,17,17,8
19,9,0,0,1,1,6,14,17,17,8
19,10,0,0,0,1,5,14,22,17,5
19,11,0,0,0,1,5,14,22,17,5
19,12,0,0,1,1,6,14,17,17,8
19,13,0,0,1,1,6,14,17,17,8
19,14,0,0,0,1,5,14,22,17,5
19,15,0,0,0,1,5,14,22,17,5
20,0,0,0,0,3,7,10,18,19,7
20,1,0,0,0,3,7,10,18,19,7
20,2,0,0,0,1,5,14,22,17,5
20,3,0,0,0,1,5,14,22,17,5
20,4,0,0,0,3,7,10,18,19,7
20,5,0,0,0,3,7,10,18,19,7
20,6,0,0,0,1,5,14,22,17,5
20,7,0,0,0,1,5,14,22,17,5
20,8,0,0,1,1,6,14,17,17,8
20,9,0,0,1,1,6,14,17,17,8
20,10,0,0,0,1,5,14,22,17,5
20,11,0,0,0,1,5,14,22,17,5
20,12,0,0,1,1,6,14,17,17,8
20,13,0,0,1,1,6,14,17,17,8
20,14,0,0,0,1,5,14,22,17,5
20,15,0,0,0,1,5,14,22,17,5
21,0,0,0,1,2,7,12,15,18,9
21,1,0,0,1,2,7,12,15,18,9
21,2,0,0,0,2,6,12,20,18,6
21,3,0,0,0,2,6,12,20,18,6
21,4,0,0,1,2,7,12,15,18,9
21,5,0,0,1,2,7,12,15,18,9
21,6,0,0,0,2,6,12,20,18,6
21,7,0,0,0,2,6,12,20,18,6
21,8,0,0,0,2,6,12,20,18,6
21,9,0,0,0,2,6,12,20,18,6
21,10,0,0,0,0,4,16,24,16,4
21,11,0,0,0,0,4,16,24,16,4
21,12,0,0,0,2,6,12,20,18,6
21,13,0,0,0,2,6,12,20,18,6
21,14,0,0,0,0,4,16,24,16,4
21,15,0,0,0,0,4,16,24,16,4
22,0,0,0,1,2,9,8,15,22,7
22,1,0,0,1,4,3,12,19,16,9
22,2,0,0,0,0,10,12,16,20,6
22,3,0,0,0,2,4,16,20,14,8
22,4,0,0,0,0,10,12,16,20,6
22,5,0,0,0,2,4,16,20,14,8
22,6,0,0,0,2,0,16,28,14,4
22,7,0,0,0,0,6,12,24,20,2
22,8,0,0,1,4,3,12,19,16,9
22,9,0,1,0,1,6,15,16,15,10
22,10,0,0,0,2,4,16,20,14,8
22,11,0,0,0,2,4,16,20,14,8
22,12,0,0,0,2,4,16,20,14,8
22,13,0,0,0,2,4,16,20,14,8
22,14,0,0,0,0,6,12,24,20,2
22,15,0,0,0,0,6,12,24,20,2
23,0,0,0,1,4,7,8,15,20,9
23,1,0,0,1,4,7,8,15,20,9
23,2,0,0,0,2,8,12,16,18,8
23,3,0,0,0,2,8,12,16,18,8
23,4,0,0,0,2,8,12,16,18,8
23,5,0,0,0,2,8,12,16,18,8
23,6,0,0,0,2,4,12,24,18,4
23,7,0,0,0,2,4,12,24,18,4
23,8,0,0,1,2,5,12,19,18,7
23,9,0,0,1,2,5,12,19,18,7
23,10,0,0,0,0,6,16,20,16,6
23,11,0,0,0,0,6,16,20,16,6
23,12,0,0,0,0,6,16,20,16,6
23,13,0,0,0,0,6,16,20,16,6
23,14,0,0,0,0,2,16,28,16,2
23,15,0,0,0,0,2,16,28,16,2
24,0,0,0,2,0,6,16,14,16,10
24,1,0,0,2,0,6,16,14,16,10
24,2,0,0,2,0,6,16,14,16,10
24,3,0,0,2,0,6,16,14,16,10
24,4,0,0,0,2,6,12,20,18,6
24,5,0,0,0,2,6,12,20,18,6
24,6,0,0,0,2,6,12,20,18,6
24,7,0,0,0,2,6,12,20,18,6
24,8,0,0,0,2,6,12,20,18,6
24,9,0,0,0,2,6,12,20,18,6
24,10,0,0,0,2,6,12,20,18,6
24,11,0,0,0,2,6,12,20,18,6
24,12,0,0,0,0,4,16,24,16,4
24,13,0,0,0,0,4,16,24,16,4
24,14,0,0,0,0,4,16,24,16,4
24,15,0,0,0,0,4,16,24,16,4
25,0,0,0,1,1,6,14,17,17,8
25,1,0,0,0,3,7,10,18,19,7
25,2,0,0,1,1,6,14,17,17,8
25,3,0,0,0,3,7,10,18,19,7
25,4,0,0,0,1,5,14,22,17,5
25,5,0,0,0,1,5,14,22,17,5
25,6,0,0,0,1,5,14,22,17,5
25,7,0,0,0,1,5,14,22,17,5
25,8,0,0,1,1,6,14,17,17,8
25,9,0,0,0,3,7,10,18,19,7
25,10,0,0,1,1,6,14,17,17,8
25,11,0,0,0,3,7,10,18,19,7
25,12,0,0,0,1,5,14,22,17,5
25,13,0,0,0,1,5,14,22,17,5
25,14,0,0,0,1,5,14,22,17,5
25,15,0,0,0,1,5,14,22,17,5
26,0,0,0,1,1,6,14,17,17,8
26,1,0,0,1,1,6,14,17,17,8
26,2,0,0,0,3,7,10,18,19,7
26,3,0,0,0,3,7,10,18,19,7
26,4,0,0,1,1,6,14,17,17,8
26,5,0,0,1,1,6,14,17,17,8
26,6,0,0,0,3,7,10,18,19,7
26,7,0,0,0,3,7,10,18,19,7
26,8,0,0,0,1,5,14,22,17,5
26,9,0,0,0,1,5,14,22,17,5
26,10,0,0,0,1,5,14,22,17,5
26,11,0,0,0,1,5,14,22,17,5
26,12,0,0,0,1,5,14,22,17,5
26,13,0,0,0,1,5,14,22,17,5
26,14,0,0,0,1,5,14,22,17,5
26,15,0,0,0,1,5,14,22,17,5
27,0,0,0,1,0,5,16,19,16,7
27,1,0,0,0,2,6,12,20,18,6
27,2,0,0,0,2,6,12,20,18,6
27,3,0,0,1,0,5,16,19,16,7
27,4,0,0,0,2,6,12,20,18,6
27,5,0,0,0,2,6,12,20,18,6
27,6,0,0,0,2,6,12,20,18,6
27,7,0,0,0,2,6,12,20,18,6
27,8,0,0,0,2,6,12,20,18,6
27,9,0,0,0,2,6,12,20,18,6
27,10,0,0,0,2,6,12,20,18,6
27,11,0,0,0,2,6,12,20,18,6
27,12,0,0,1,0,5,16,19,16,7
27,13,0,0,0,2,6,12,20,18,6
27,14,0,0,0,2,6,12,20,18,6
27,15,0,0,1,0,5,16,19,16,7
28,0,0,0,0,2,6,12,20,18,6
28,1,0,0,1,0,5,16,19,16,7
28,2,0,0,1,0,5,16,19,16,7
28,3,0,0,0,2,6,12,20,18,6
28,4,0,0,0,2,6,12,20,18,6
28,5,0,0,0,2,6,12,20,18,6
28,6,0,0,0,2,6,12,20,18,6
28,7,0,0,0,2,6,12,20,18,6
28,8,0,0,0,2,6,12,20,18,6
28,9,0,0,0,2,6,12,20,18,6
28,10,0,0,0,2,6,12,20,18,6
28,11,0,0,0,2,6,12,20,18,6
28,12,0,0,0,2,6,12,20,18,6
28,13,0,0,1,0,5,16,19,16,7
28,14,0,0,1,0,5,16,19,16,7
28,15,0,0,0,2,6,12,20,18,6
29,0,0,0,0,3,7,10,18,19,7
29,1,0,0,0,3,7,10,18,19,7
29,2,0,0,1,1,6,14,17,17,8
29,3,0,0,1,1,6,14,17,17,8
29,4,0,0,0,3,7,10,18,19,7
29,5,0,0,0,3,7,10,18,19,7
29,6,0,0,1,1,6,14,17,17,8
29,7,0,0,1,1,6,14,17,17,8
29,8,0,0,0,1,5,14,22,17,5
29,9,0,0,0,1,5,14,22,17,5
29,10,0,0,0,1,5,14,22,17,5
29,11,0,0,0,1,5,14,22,17,5
29,12,0,0,0,1,5,14,22,17,5
29,13,0,0,0,1,5,14,22,17,5
29,14,0,0,0,1,5,14,22,17,5
29,15,0,0,0,1,5,14,22,17,5
30,0,0,0,0,3,7,10,18,19,7
30,1,0,0,1,1,6,14,17,17,8
30,2,0,0,0,3,7,10,18,19,7
30,3,0,0,1,1,6,14,17,17,8
30,4,0,0,0,1,5,14,22,17,5
30,5,0,0,0,1,5,14,22,17,5
30,6,0,0,0,1,5,14,22,17,5
30,7,0,0,0,1,5,14,22,17,5
30,8,0,0,0,3,7,10,18,19,7
30,9,0,0,1,1,6,14,17,17,8
30,10,0,0,0,3,7,10,18,19,7
30,11,0,0,1,1,6,14,17,17,8
30,12,0,0,0,1,5,14,22,17,5
30,13,0,0,0,1,5,14,22,17,5
30,14,0,0,0,1,5,14,22,17,5
30,15,0,0,0,1,5,14,22,17,5
31,0,0,0,0,4,8,8,16,20,8
31,1,0,0,0,4,8,8,16,20,8
31,2,0,0,0,4,8,8,16,20,8
31,3,0,0,0,4,8,8,16,20,8
31,4,0,0,0,2,6,12,20,18,6
31,5,0,0,0,2,6,12,20,18,6
31,6,0,0,0,2,6,12,20,18,6
31,7,0,0,0,2,6,12,20,18,6
31,8,0,0,0,2,6,12,20,18,6
31,9,0,0,0,2,6,12,20,18,6
31,10,0,0,0,2,6,12,20,18,6
31,11,0,0,0,2,6,12,20,18,6
31,12,0,0,0,0,4,16,24,16,4
31,13,0,0,0,0,4,16,24,16,4
31,14,0,0,0,0,4,16,24,16,4
31,15,0,0,0,0,4,16,24,16,4
32,0,0,0,2,0,6,16,14,16,10
32,1,0,0,2,0,6,16,14,16,10
32,2,0,0,2,0,6,16,14,16,10
32,3,0,0,2,0,6,16,14,16,10
32,4,0,0,0,2,6,12,20,18,6
32,5,0,0,0,2,6,12,20,18,6
32,6,0,0,0,2,6,12,20,18,6
32,7,0,0,0,2,6,12,20,18,6
32,8,0,0,0,2,6,12,20,18,6
32,9,0,0,0,2,6,12,20,18,6
32,10,0,0,0,2,6,12,20,18,6
32,11,0,0,0,2,6,12,20,18,6
32,12,0,0,0,0,4,16,24,16,4
32,13,0,0,0,0,4,16,24,16,4
32,14,0,0,0,0,4,16,24,16,4
32,15,0,0,0,0,4,16,24,16,4
33,0,0,0,1,1,6,14,17,17,8
33,1,0,0,0,3,7,10,18,19,7
33,2,0,0,1,1,6,14,17,17,8
33,3,0,0,0,3,7,10,18,19,7
33,4,0,0,0,1,5,14,22,17,5
33,5,0,0,0,1,5,14,22,17,5
33,6,0,0,0,1,5,14,22,17,5
33,7,0,0,0,1,5,14,22,17,5
33,8,0,0,1,1,6,14,17,17,8
33,9,0,0,0,3,7,10,18,19,7
33,10,0,0,1,1,6,14,17,17,8
33,11,0,0,0,3,7,10,18,19,7
33,12,0,0,0,1,5,14,22,17,5
33,13,0,0,0,1,5,14,22,17,5
33,14,0,0,0,1,5,14,22,17,5
33,15,0,0,0,1,5,14,22,17,5
34,0,0,0,1,1,6,14,17,17,8
34,1,0,0,1,1,6,14,17,17,8
34,2,0,0,0,3,7,10,18,19,7
34,3,0,0,0,3,7,10,18,19,7
34,4,0,0,1,1,6,14,17,17,8
34,5,0,0,1,1,6,14,17,17,8
34,6,0,0,0,3,7,10,18,19,7
34,7,0,0,0,3,7,10,18,19,7
34,8,0,0,0,1,5,14,22,17,5
34,9,0,0,0,1,5,14,22,17,5
34,10,0,0,0,1,5,14,22,17,5
34,11,0,0,0,1,5,14,22,17,5
34,12,0,0,0,1,5,14,22,17,5
34,13,0,0,0,1,5,14,22,17,5
34,14,0,0,0,1,5,14,22,17,5
34,15,0,0,0,1,5,14,22,17,5
35,0,0,0,0,2,6,12,20,18,6
35,1,0,0,0,2,6,12,20,18,6
35,2,0,0,0,2,6,12,20,18,6
35,3,0,0,0,2,6,12,20,18,6
35,4,0,0,1,0,5,16,19,16,7
35,5,0,0,0,2,6,12,20,18,6
35,6,0,0,0,2,6,12,20,18,6
35,7,0,0,1,0,5,16,19,16,7
35,8,0,0,1,0,5,16,19,16,7
35,9,0,0,0,2,6,12,20,18,6
35,10,0,0,0,2,6,12,20,18,6
35,11,0,0,1,0,5,16,19,16,7
35,12,0,0,0,2,6,12,20,18,6
35,13,0,0,0,2,6,12,20,18,6
35,14,0,0,0,2,6,12,20,18,6
35,15,0,0,0,2,6,12,20,18,6
36,0,0,0,0,2,6,12,20,18,6
36,1,0,0,0,2,6,12,20,18,6
36,2,0,0,0,2,6,12,20,18,6
36,3,0,0,0,2,6,12,20,18,6
36,4,0,0,0,2,6,12,20,18,6
36,5,0,0,1,0,5,16,19,16,7
36,6,0,0,1,0,5,16,19,16,7
36,7,0,0,0,2,6,12,20,18,6
36,8,0,0,0,2,6,12,20,18,6
36,9,0,0,1,0,5,16,19,16,7
36,10,0,0,1,0,5,16,19,16,7
36,11,0,0,0,2,6,12,20,18,6
36,12,0,0,0,2,6,12,20,18,6
36,13,0,0,0,2,6,12,20,18,6
36,14,0,0,0,2,6,12,20,18,6
36,15,0,0,0,2,6,12,20,18,6
37,0,0,0,0,3,7,10,18,19,7
37,1,0,0,0,3,7,10,18,19,7
37,2,0,0,1,1,6,14,17,17,8
37,3,0,0,1,1,6,14,17,17,8
37,4,0,0,0,3,7,10,18,19,7
37,5,0,0,0,3,7,10,18,19,7
37,6,0,0,1,1,6,14,17,17,8
37,7,0,0,1,1,6,14,17,17,8
37,8,0,0,0,1,5,14,22,17,5
37,9,0,0,0,1,5,14,22,17,5
37,10,0,0,0,1,5,14,22,17,5
37,11,0,0,0,1,5,14,22,17,5
37,12,0,0,0,1,5,14,22,17,5
37,13,0,0,0,1,5,14,22,17,5
37,14,0,0,0,1,5,14,22,17,5
37,15,0,0,0,1,5,14,22,17,5
38,0,0,0,0,3,7,10,18,19,7
38,1,0,0,1,1,6,14,17,17,8
38,2,0,0,0,3,7,10,18,19,7
38,3,0,0,1,1,6,14,17,17,8
38,4,0,0,0,1,5,14,22,17,5
38,5,0,0,0,1,5,14,22,17,5
38,6,0,0,0,1,5,14,22,17,5
38,7,0,0,0,1,5,14,22,17,5
38,8,0,0,0,3,7,10,18,19,7
38,9,0,0,1,1,6,14,17,17,8
38,10,0,0,0,3,7,10,18,19,7
38,11,0,0,1,1,6,14,17,17,8
38,12,0,0,0,1,5,14,22,17,5
38,13,0,0,0,1,5,14,22,17,5
38,14,0,0,0,1,5,14,22,17,5
38,15,0,0,0,1,5,14,22,17,5
39,0,0,0,0,4,8,8,16,20,8
39,1,0,0,0,4,8,8,16,20,8
39,2,0,0,0,4,8,8,16,20,8
39,3,0,0,0,4,8,8,16,20,8
39,4,0,0,0,2,6,12,20,18,6
39,5,0,0,0,2,6,12,20,18,6
39,6,0,0,0,2,6,12,20,18,6
39,7,0,0,0,2,6,12,20,18,6
39,8,0,0,0,2,6,12,20,18,6
39,9,0,0,0,2,6,12,20,18,6
39,10,0,0,0,2,6,12,20,18,6
39,11,0,0,0,2,6,12,20,18,6
39,12,0,0,0,0,4,16,24,16,4
39,13,0,0,0,0,4,16,24,16,4
39,14,0,0,0,0,4,16,24,16,4
39,15,0,0,0,0,4,16,24,16,4
40,0,0,1,0,3,4,15,16,13,12
40,1,0,1,0,3,4,15,16,13,12
40,2,0,0,0,4,2,16,20,12,10
40,3,0,0,0,4,2,16,20,12,10
40,4,0,0,0,4,2,16,20,12,10
40,5,0,0,0,4,2,16,20,12,10
40,6,0,0,0,0,10,8,20,24,2
40,7,0,0,0,0,10,8,20,24,2
40,8,0,0,1,2,5,12,19,18,7
40,9,0,0,1,2,5,12,19,18,7
40,10,0,0,0,0,6,16,20,16,6
40,11,0,0,0,0,6,16,20,16,6
40,12,0,0,0,0,6,16,20,16,6
40,13,0,0,0,0,6,16,20,16,6
40,14,0,0,0,0,2,16,28,16,2
40,15,0,0,0,0,2,16,28,16,2
41,0,0,1,0,1,6,15,16,15,10
41,1,0,0,1,4,3,12,19,16,9
41,2,0,0,0,2,4,16,20,14,8
41,3,0,0,0,2,4,16,20,14,8
41,4,0,0,0,2,4,16,20,14,8
41,5,0,0,0,2,4,16,20,14,8
41,6,0,0,0,0,6,12,24,20,2
41,7,0,0,0,0,6,12,24,20,2
41,8,0,0,1,4,3,12,19,16,9
41,9,0,0,1,2,9,8,15,22,7
41,10,0,0,0,2,4,16,20,14,8
41,11,0,0,0,0,10,12,16,20,6
41,12,0,0,0,2,4,16,20,14,8
41,13,0,0,0,0,10,12,16,20,6
41,14,0,0,0,0,6,12,24,20,2
41,15,0,0,0,2,0,16,28,14,4
42,0,0,0,1,2,7,12,15,18,9
42,1,0,0,1,2,7,12,15,18,9
42,2,0,0,0,2,6,12,20,18,6
42,3,0,0,0,2,6,12,20,18,6
42,4,0,0,1,2,7,12,15,18,9
42,5,0,0,1,2,7,12,15,18,9
42,6,0,0,0,2,6,12,20,18,6
42,7,0,0,0,2,6,12,20,18,6
42,8,0,0,0,2,6,12,20,18,6
42,9,0,0,0,2,6,12,20,18,6
42,10,0,0,0,0,4,16,24,16,4
42,11,0,0,0,0,4,16,24,16,4
42,12,0,0,0,2,6,12,20,18,6
42,13,0,0,0,2,6,12,20,18,6
42,14,0,0,0,0,4,16,24,16,4
42,15,0,0,0,0,4,16,24,16,4
43,0,0,0,1,1,6,14,17,17,8
43,1,0,0,1,1,6,14,17,17,8
43,2,0,0,0,1,5,14,22,17,5
43,3,0,0,0,1,5,14,22,17,5
43,4,0,0,1,1,6,14,17,17,8
43,5,0,0,1,1,6,14,17,17,8
43,6,0,0,0,1,5,14,22,17,5
43,7,0,0,0,1,5,14,22,17,5
43,8,0,0,0,3,7,10,18,19,7
43,9,0,0,0,3,7,10,18,19,7
43,10,0,0,0,1,5,14,22,17,5
43,11,0,0,0,1,5,14,22,17,5
43,12,0,0,0,3,7,10,18,19,7
43,13,0,0,0,3,7,10,18,19,7
43,14,0,0,0,1,5,14,22,17,5
43,15,0,0,0,1,5,14,22,17,5
44,0,0,0,1,1,6,14,17,17,8
44,1,0,0,1,1,6,14,17,17,8
44,2,0,0,0,1,5,14,22,17,5
44,3,0,0,0,1,5,14,22,17,5
44,4,0,0,1,1,6,14,17,17,8
44,5,0,0,1,1,6,14,17,17,8
44,6,0,0,0,1,5,14,22,17,5
44,7,0,0,0,1,5,14,22,17,5
44,8,0,0,0,3,7,10,18,19,7
44,9,0,0,0,3,7,10,18,19,7
44,10,0,0,0,1,5,14,22,17,5
44,11,0,0,0,1,5,14,22,17,5
44,12,0,0,0,3,7,10,18,19,7
44,13,0,0,0,3,7,10,18,19,7
44,14,0,0,0,1,5,14,22,17,5
44,15,0,0,0,1,5,14,22,17,5
45,0,0,0,1,2,7,12,15,18,9
45,1,0,0,1,2,7,12,15,18,9
45,2,0,0,0,2,6,12,20,18,6
45,3,0,0,0,2,6,12,20,18,6
45,4,0,0,1,2,7,12,15,18,9
45,5,0,0,1,2,7,12,15,18,9
45,6,0,0,0,2,6,12,20,18,6
45,7,0,0,0,2,6,12,20,18,6
45,8,0,0,0,2,6,12,20,18,6
45,9,0,0,0,2,6,12,20,18,6
45,10,0,0,0,0,4,16,24,16,4
45,11,0,0,0,0,4,16,24,16,4
45,12,0,0,0,2,6,12,20,18,6
45,13,0,0,0,2,6,12,20,18,6
45,14,0,0,0,0,4,16,24,16,4
45,15,0,0,0,0,4,16,24,16,4
46,0,0,0,1,4,3,12,19,16,9
46,1,0,1,0,1,6,15,16,15,10
46,2,0,0,0,2,4,16,20,14,8
46,3,0,0,0,2,4,16,20,14,8
46,4,0,0,0,2,4,16,20,14,8
46,5,0,0,0,2,4,16,20,14,8
46,6,0,0,0,0,6,12,24,20,2
46,7,0,0,0,0,6,12,24,20,2
46,8,0,0,1,2,9,8,15,22,7
46,9,0,0,1,4,3,12,19,16,9
46,10,0,0,0,0,10,12,16,20,6
46,11,0,0,0,2,4,16,20,14,8
46,12,0,0,0,0,10,12,16,20,6
46,13,0,0,0,2,4,16,20,14,8
46,14,0,0,0,2,0,16,28,14,4
46,15,0,0,0,0,6,12,24,20,2
47,0,0,0,1,4,7,8,15,20,9
47,1,0,0,1,4,7,8,15,20,9
47,2,0,0,0,2,8,12,16,18,8
47,3,0,0,0,2,8,12,16,18,8
47,4,0,0,0,2,8,12,16,18,8
47,5,0,0,0,2,8,12,16,18,8
47,6,0,0,0,2,4,12,24,18,4
47,7,0,0,0,2,4,12,24,18,4
47,8,0,0,1,2,5,12,19,18,7
47,9,0,0,1,2,5,12,19,18,7
47,10,0,0,0,0,6,16,20,16,6
47,11,0,0,0,0,6,16,20,16,6
47,12,0,0,0,0,6,16,20,16,6
47,13,0,0,0,0,6,16,20,16,6
47,14,0,0,0,0,2,16,28,16,2
47,15,0,0,0,0,2,16,28,16,2
48,0,0,1,0,3,4,15,16,13,12
48,1,0,0,0,4,2,16,20,12,10
48,2,0,1,0,3,4,15,16,13,12
48,3,0,0,0,4,2,16,20,12,10
48,4,0,0,1,2,5,12,19,18,7
48,5,0,0,0,0,6,16,20,16,6
48,6,0,0,1,2,5,12,19,18,7
48,7,0,0,0,0,6,16,20,16,6
48,8,0,0,0,4,2,16,20,12,10
48,9,0,0,0,0,10,8,20,24,2
48,10,0,0,0,4,2,16,20,12,10
48,11,0,0,0,0,10,8,20,24,2
48,12,0,0,0,0,6,16,20,16,6
48,13,0,0,0,0,2,16,28,16,2
48,14,0,0,0,0,6,16,20,16,6
48,15,0,0,0,0,2,16,28,16,2
49,0,0,0,1,2,7,12,15,18,9
49,1,0,0,0,2,6,12,20,18,6
49,2,0,0,1,2,7,12,15,18,9
49,3,0,0,0,2,6,12,20,18,6
49,4,0,0,0,2,6,12,20,18,6
49,5,0,0,0,0,4,16,24,16,4
49,6,0,0,0,2,6,12,20,18,6
49,7,0,0,0,0,4,16,24,16,4
49,8,0,0,1,2,7,12,15,18,9
49,9,0,0,0,2,6,12,20,18,6
49,10,0,0,1,2,7,12,15,18,9
49,11,0,0,0,2,6,12,20,18,6
49,12,0,0,0,2,6,12,20,18,6
49,13,0,0,0,0,4,16,24,16,4
49,14,0,0,0,2,6,12,20,18,6
49,15,0,0,0,0,4,16,24,16,4
50,0,0,1,0,1,6,15,16,15,10
50,1,0,0,0,2,4,16,20,14,8
50,2,0,0,1,4,3,12,19,16,9
50,3,0,0,0,2,4,16,20,14,8
50,4,0,0,1,4,3,12,19,16,9
50,5,0,0,0,2,4,16,20,14,8
50,6,0,0,1,2,9,8,15,22,7
50,7,0,0,0,0,10,12,16,20,6
50,8,0,0,0,2,4,16,20,14,8
50,9,0,0,0,0,6,12,24,20,2
50,10,0,0,0,2,4,16,20,14,8
50,11,0,0,0,0,6,12,24,20,2
50,12,0,0,0,2,4,16,20,14,8
50,13,0,0,0,0,6,12,24,20,2
50,14,0,0,0,0,10,12,16,20,6
50,15,0,0,0,2,0,16,28,14,4
51,0,0,0,1,1,6,14,17,17,8
51,1,0,0,0,1,5,14,22,17,5
51,2,0,0,1,1,6,14,17,17,8
51,3,0,0,0,1,5,14,22,17,5
51,4,0,0,0,3,7,10,18,19,7
51,5,0,0,0,1,5,14,22,17,5
51,6,0,0,0,3,7,10,18,19,7
51,7,0,0,0,1,5,14,22,17,5
51,8,0,0,1,1,6,14,17,17,8
51,9,0,0,0,1,5,14,22,17,5
51,10,0,0,1,1,6,14,17,17,8
51,11,0,0,0,1,5,14,22,17,5
51,12,0,0,0,3,7,10,18,19,7
51,13,0,0,0,1,5,14,22,17,5
51,14,0,0,0,3,7,10,18,19,7
51,15,0,0,0,1,5,14,22,17,5
52,0,0,0,1,1,6,14,17,17,8
52,1,0,0,0,1,5,14,22,17,5
52,2,0,0,1,1,6,14,17,17,8
52,3,0,0,0,1,5,14,22,17,5
52,4,0,0,0,3,7,10,18,19,7
52,5,0,0,0,1,5,14,22,17,5
52,6,0,0,0,3,7,10,18,19,7
52,7,0,0,0,1,5,14,22,17,5
52,8,0,0,1,1,6,14,17,17,8
52,9,0,0,0,1,5,14,22,17,5
52,10,0,0,1,1,6,14,17,17,8
52,11,0,0,0,1,5,14,22,17,5
52,12,0,0,0,3,7,10,18,19,7
52,13,0,0,0,1,5,14,22,17,5
52,14,0,0,0,3,7,10,18,19,7
52,15,0,0,0,1,5,14,22,17,5
53,0,0,0,1,4,3,12,19,16,9
53,1,0,0,0,2,4,16,20,14,8
53,2,0,1,0,1,6,15,16,15,10
53,3,0,0,0,2,4,16,20,14,8
53,4,0,0,1,2,9,8,15,22,7
53,5,0,0,0,0,10,12,16,20,6
53,6,0,0,1,4,3,12,19,16,9
53,7,0,0,0,2,4,16,20,14,8
53,8,0,0,0,2,4,16,20,14,8
53,9,0,0,0,0,6,12,24,20,2
53,10,0,0,0,2,4,16,20,14,8
53,11,0,0,0,0,6,12,24,20,2
53,12,0,0,0,0,10,12,16,20,6
53,13,0,0,0,2,0,16,28,14,4
53,14,0,0,0,2,4,16,20,14,8
53,15,0,0,0,0,6,12,24,20,2
54,0,0,0,1,2,7,12,15,18,9
54,1,0,0,0,2,6,12,20,18,6
54,2,0,0,1,2,7,12,15,18,9
54,3,0,0,0,2,6,12,20,18,6
54,4,0,0,0,2,6,12,20,18,6
54,5,0,0,0,0,4,16,24,16,4
54,6,0,0,0,2,6,12,20,18,6
54,7,0,0,0,0,4,16,24,16,4
54,8,0,0,1,2,7,12,15,18,9
54,9,0,0,0,2,6,12,20,18,6
54,10,0,0,1,2,7,12,15,18,9
54,11,0,0,0,2,6,12,20,18,6
54,12,0,0,0,2,6,12,20,18,6
54,13,0,0,0,0,4,16,24,16,4
54,14,0,0,0,2,6,12,20,18,6
54,15,0,0,0,0,4,16,24,16,4
55,0,0,0,1,4,7,8,15,20,9
55,1,0,0,0,2,8,12,16,18,8
55,2,0,0,1,4,7,8,15,20,9
55,3,0,0,0,2,8,12,16,18,8
55,4,0,0,1,2,5,12,19,18,7
55,5,0,0,0,0,6,16,20,16,6
55,6,0,0,1,2,5,12,19,18,7
55,7,0,0,0,0,6,16,20,16,6
55,8,0,0,0,2,8,12,16,18,8
55,9,0,0,0,2,4,12,24,18,4
55,10,0,0,0,2,8,12,16,18,8
55,11,0,0,0,2,4,12,24,18,4
55,12,0,0,0,0,6,16,20,16,6
55,13,0,0,0,0,2,16,28,16,2
55,14,0,0,0,0,6,16,20,16,6
55,15,0,0,0,0,2,16,28,16,2
56,0,0,0,4,0,4,16,12,16,12
56,1,0,0,2,0,6,16,14,16,10
56,2,0,0,2,0,6,16,14,16,10
56,3,0,0,0,0,8,16,16,16,8
56,4,0,0,2,0,6,16,14,16,10
56,5,0,0,0,0,8,16,16,16,8
56,6,0,0,0,4,4,8,24,20,4
56,7,0,0,0,0,4,16,24,16,4
56,8,0,0,2,0,6,16,14,16,10
56,9,0,0,0,4,4,8,24,20,4
56,10,0,0,0,0,8,16,16,16,8
56,11,0,0,0,0,4,16,24,16,4
56,12,0,0,0,0,8,16,16,16,8
56,13,0,0,0,0,4,16,24,16,4
56,14,0,0,0,0,4,16,24,16,4
56,15,0,0,0,0,0,16,32,16,0
57,0,0,0,1,4,7,8,15,20,9
57,1,0,0,1,2,5,12,19,18,7
57,2,0,0,0,2,8,12,16,18,8
57,3,0,0,0,0,6,16,20,16,6
57,4,0,0,0,2,8,12,16,18,8
57,5,0,0,0,0,6,16,20,16,6
57,6,0,0,0,2,4,12,24,18,4
57,7,0,0,0,0,2,16,28,16,2
57,8,0,0,1,4,7,8,15,20,9
57,9,0,0,1,2,5,12,19,18,7
57,10,0,0,0,2,8,12,16,18,8
57,11,0,0,0,0,6,16,20,16,6
57,12,0,0,0,2,8,12,16,18,8
57,13,0,0,0,0,6,16,20,16,6
57,14,0,0,0,2,4,12,24,18,4
57,15,0,0,0,0,2,16,28,16,2
58,0,0,0,1,4,7,8,15,20,9
58,1,0,0,0,2,8,12,16,18,8
58,2,0,0,1,2,5,12,19,18,7
58,3,0,0,0,0,6,16,20,16,6
58,4,0,0,1,4,7,8,15,20,9
58,5,0,0,0,2,8,12,16,18,8
58,6,0,0,1,2,5,12,19,18,7
58,7,0,0,0,0,6,16,20,16,6
58,8,0,0,0,2,8,12,16,18,8
58,9,0,0,0,2,4,12,24,18,4
58,10,0,0,0,0,6,16,20,16,6
58,11,0,0,0,0,2,16,28,16,2
58,12,0,0,0,2,8,12,16,18,8
58,13,0,0,0,2,4,12,24,18,4
58,14,0,0,0,0,6,16,20,16,6
58,15,0,0,0,0,2,16,28,16,2
59,0,0,0,0,4,8,8,16,20,8
59,1,0,0,0,2,6,12,20,18,6
59,2,0,0,0,2,6,12,20,18,6
59,3,0,0,0,0,4,16,24,16,4
59,4,0,0,0,4,8,8,16,20,8
59,5,0,0,0,2,6,12,20,18,6
59,6,0,0,0,2,6,12,20,18,6
59,7,0,0,0,0,4,16,24,16,4
59,8,0,0,0,4,8,8,16,20,8
59,9,0,0,0,2,6,12,20,18,6
59,10,0,0,0,2,6,12,20,18,6
59,11,0,0,0,0,4,16,24,16,4
59,12,0,0,0,4,8,8,16,20,8
59,13,0,0,0,2,6,12,20,18,6
59,14,0,0,0,2,6,12,20,18,6
59,15,0,0,0,0,4,16,24,16,4
60,0,0,0,0,4,8,8,16,20,8
60,1,0,0,0,2,6,12,20,18,6
60,2,0,0,0,2,6,12,20,18,6
60,3,0,0,0,0,4,16,24,16,4
60,4,0,0,0,4,8,8,16,20,8
60,5,0,0,0,2,6,12,20,18,6
60,6,0,0,0,2,6,12,20,18,6
60,7,0,0,0,0,4,16,24,16,4
60,8,0,0,0,4,8,8,16,20,8
60,9,0,0,0,2,6,12,20,18,6
60,10,0,0,0,2,6,12,20,18,6
60,11,0,0,0,0,4,16,24,16,4
60,12,0,0,0,4,8,8,16,20,8
60,13,0,0,0,2,6,12,20,18,6
60,14,0,0,0,2,6,12,20,18,6
60,15,0,0,0,0,4,16,24,16,4
61,0,0,0,1,4,7,8,15,20,9
61,1,0,0,0,2,8,12,16,18,8
61,2,0,0,1,2,5,12,19,18,7
61,3,0,0,0,0,6,16,20,16,6
61,4,0,0,1,4,7,8,15,20,9
61,5,0,0,0,2,8,12,16,18,8
61,6,0,0,1,2,5,12,19,18,7
61,7,0,0,0,0,6,16,20,16,6
61,8,0,0,0,2,8,12,16,18,8
61,9,0,0,0,2,4,12,24,18,4
61,10,0,0,0,0,6,16,20,16,6
61,11,0,0,0,0,2,16,28,16,2
61,12,0,0,0,2,8,12,16,18,8
61,13,0,0,0,2,4,12,24,18,4
61,14,0,0,0,0,6,16,20,16,6
61,15,0,0,0,0,2,16,28,16,2
62,0,0,0,1,4,7,8,15,20,9
62,1,0,0,1,2,5,12,19,18,7
62,2,0,0,0,2,8,12,16,18,8
62,3,0,0,0,0,6,16,20,16,6
62,4,0,0,0,2,8,12,16,18,8
62,5,0,0,0,0,6,16,20,16,6
62,6,0,0,0,2,4,12,24,18,4
62,7,0,0,0,0,2,16,28,16,2
62,8,0,0,1,4,7,8,15,20,9
62,9,0,0,1,2,5,12,19,18,7
62,10,0,0,0,2,8,12,16,18,8
62,11,0,0,0,0,6,16,20,16,6
62,12,0,0,0,2,8,12,16,18,8
62,13,0,0,0,0,6,16,20,16,6
62,14,0,0,0,2,4,12,24,18,4
62,15,0,0,0,0,2,16,28,16,2
63,0,0,0,0,8,8,0,16,24,8
63,1,0,0,0,4,8,8,16,20,8
63,2,0,0,0,4,8,8,16,20,8
63,3,0,0,0,0,8,16,16,16,8
63,4,0,0,0,4,8,8,16,20,8
63,5,0,0,0,0,8,16,16,16,8
63,6,0,0,2,0,2,16,22,16,6
63,7,0,0,0,0,4,16,24,16,4
63,8,0,0,0,4,8,8,16,20,8
63,9,0,0,2,0,2,16,22,16,6
63,10,0,0,0,0,8,16,16,16,8
63,11,0,0,0,0,4,16,24,16,4
63,12,0,0,0,0,8,16,16,16,8
63,13,0,0,0,0,4,16,24,16,4
63,14,0,0,0,0,4,16,24,16,4
63,15,0,0,0,0,0,16,32,16,0
