0,0,1,0,0,0,9,0,24,0,99,0,72,0,51,0,0,0,0,0,0
0,7,0,0,0,2,0,22,0,52,0,92,0,74,0,14,0,0,0,0,0
0,33288,0,0,0,2,0,22,0,52,0,92,0,74,0,14,0,0,0,0,0
0,33295,0,0,0,0,10,0,30,0,84,0,92,0,34,0,6,0,0,0,0
32781,0,0,0,0,4,0,16,0,56,0,96,0,68,0,16,0,0,0,0,0
32781,7,0,0,0,0,10,0,30,0,84,0,92,0,34,0,6,0,0,0,0
32781,33288,0,0,2,0,6,0,36,0,76,0,90,0,46,0,0,0,0,0,0
32781,33295,0,0,0,4,0,16,0,56,0,96,0,68,0,16,0,0,0,0,0
840,0,0,0,0,2,0,22,0,52,0,92,0,74,0,14,0,0,0,0,0
840,7,0,0,2,0,4,0,34,0,88,0,86,0,36,0,6,0,0,0,0
840,33288,0,0,2,0,6,0,36,0,76,0,90,0,46,0,0,0,0,0,0
840,33295,0,0,0,4,0,16,0,56,0,96,0,68,0,16,0,0,0,0,0
33605,0,0,0,0,0,12,0,32,0,72,0,96,0,44,0,0,0,0,0,0
33605,7,0,0,0,4,0,16,0,56,0,96,0,68,0,16,0,0,0,0,0
33605,33288,0,1,0,2,0,15,0,60,0,95,0,66,0,17,0,0,0,0,0
33605,33295,0,0,1,0,6,0,35,0,84,0,87,0,38,0,5,0,0,0,0
53760,0,1,0,0,0,9,0,24,0,99,0,72,0,51,0,0,0,0,0,0
53760,7,0,0,0,2,0,22,0,52,0,92,0,74,0,14,0,0,0,0,0
53760,33288,0,0,0,2,0,22,0,52,0,92,0,74,0,14,0,0,0,0,0
53760,33295,0,0,0,0,10,0,30,0,84,0,92,0,34,0,6,0,0,0,0
21005,0,0,0,0,4,0,16,0,56,0,96,0,68,0,16,0,0,0,0,0
21005,7,0,0,0,0,10,0,30,0,84,0,92,0,34,0,6,0,0,0,0
21005,33288,0,0,2,0,6,0,36,0,76,0,90,0,46,0,0,0,0,0,0
21005,33295,0,0,0,4,0,16,0,56,0,96,0,68,0,16,0,0,0,0,0
53576,0,0,0,0,2,0,22,0,52,0,92,0,74,0,14,0,0,0,0,0
53576,7,0,0,2,0,4,0,34,0,88,0,86,0,36,0,6,0,0,0,0
53576,33288,0,0,2,0,6,0,36,0,76,0,90,0,46,0,0,0,0,0,0
53576,33295,0,0,0,4,0,16,0,56,0,96,0,68,0,16,0,0,0,0,0
20805,0,0,0,0,0,12,0,32,0,72,0,96,0,44,0,0,0,0,0,0
20805,7,0,0,0,4,0,16,0,56,0,96,0,68,0,16,0,0,0,0,0
20805,33288,0,1,0,2,0,15,0,60,0,95,0,66,0,17,0,0,0,0,0
20805,33295,0,0,1,0,6,0,35,0,84,0,87,0,38,0,5,0,0,0,0
65555,0,0,0,0,3,0,12,0,67,0,96,0,57,0,20,0,1,0,0,0
65555,7,0,0,0,0,10,0,30,0,84,0,92,0,34,0,6,0,0,0,0
65555,33288,0,0,1,0,8,0,29,0,88,0,91,0,32,0,7,0,0,0,0
65555,33295,0,0,0,4,0,12,0,72,0,72,0,84,0,12,0,0,0,0,0
98334,0,0,0,1,0,6,0,35,0,84,0,87,0,38,0,5,0,0,0,0
98334,7,0,0,0,2,0,22,0,52,0,92,0,74,0,14,0,0,0,0,0
98334,33288,0,0,0,2,0,16,0,62,0,96,0,62,0,16,0,2,0,0,0
98334,33295,0,0,2,0,4,0,34,0,88,0,86,0,36,0,6,0,0,0,0
66395,0,0,0,1,0,6,0,35,0,84,0,87,0,38,0,5,0,0,0,0
66395,7,0,1,0,2,0,15,0,60,0,95,0,66,0,17,0,0,0,0,0
66395,33288,0,0,0,1,0,18,0,63,0,92,0,63,0,18,0,1,0,0,0
66395,33295,0,0,0,0,10,0,30,0,84,0,92,0,34,0,6,0,0,0,0
99158,0,0,0,0,1,0,20,0,57,0,96,0,67,0,12,0,3,0,0,0
99158,7,0,0,1,0,6,0,35,0,84,0,87,0,38,0,5,0,0,0,0
99158,33288,0,0,1,0,6,0,35,0,84,0,87,0,38,0,5,0,0,0,0
99158,33295,0,0,0,4,0,16,0,56,0,96,0,68,0,16,0,0,0,0,0
119315,0,0,0,0,3,0,12,0,67,0,96,0,57,0,20,0,1,0,0,0
119315,7,0,0,0,0,10,0,30,0,84,0,92,0,34,0,6,0,0,0,0
119315,33288,0,0,1,0,8,0,29,0,88,0,91,0,32,0,7,0,0,0,0
119315,33295,0,0,0,4,0,12,0,72,0,72,0,84,0,12,0,0,0,0,0
86558,0,0,0,1,0,6,0,35,0,84,0,87,0,38,0,5,0,0,0,0
86558,7,0,0,0,2,0,22,0,52,0,92,0,74,0,14,0,0,0,0,0
86558,33288,0,0,0,2,0,16,0,62,0,96,0,62,0,16,0,2,0,0,0
86558,33295,0,0,2,0,4,0,34,0,88,0,86,0,36,0,6,0,0,0,0
119131,0,0,0,1,0,6,0,35,0,84,0,87,0,38,0,5,0,0,0,0
119131,7,0,1,0,2,0,15,0,60,0,95,0,66,0,17,0,0,0,0,0
119131,33288,0,0,0,1,0,18,0,63,0,92,0,63,0,18,0,1,0,0,0
119131,33295,0,0,0,0,10,0,30,0,84,0,92,0,34,0,6,0,0,0,0
86358,0,0,0,0,1,0,20,0,57,0,96,0,67,0,12,0,3,0,0,0
86358,7,0,0,1,0,6,0,35,0,84,0,87,0,38,0,5,0,0,0,0
86358,33288,0,0,1,0,6,0,35,0,84,0,87,0,38,0,5,0,0,0,0
86358,33295,0,0,0,4,0,16,0,56,0,96,0,68,0,16,0,0,0,0,0
1232,0,0,0,0,2,0,16,0,62,0,96,0,62,0,16,0,2,0,0,0
1232,7,0,0,0,0,5,0,38,0,87,0,84,0,35,0,6,0,1,0,0
1232,33288,0,0,1,0,6,0,35,0,84,0,87,0,38,0,5,0,0,0,0
1232,33295,0,0,0,2,0,16,0,62,0,96,0,62,0,16,0,2,0,0,0
34013,0,0,0,0,0,8,0,36,0,80,0,88,0,40,0,4,0,0,0,0
34013,7,0,0,0,3,0,18,0,45,0,124,0,45,0,18,0,3,0,0,0
34013,33288,0,0,0,2,0,16,0,62,0,96,0,62,0,16,0,2,0,0,0
34013,33295,0,0,0,0,4,0,40,0,88,0,80,0,36,0,8,0,0,0,0
1944,0,0,0,1,0,6,0,35,0,84,0,87,0,38,0,5,0,0,0,0
1944,7,0,0,0,1,0,18,0,63,0,92,0,63,0,18,0,1,0,0,0
1944,33288,0,0,0,1,0,20,0,57,0,96,0,67,0,12,0,3,0,0,0
1944,33295,0,0,0,0,7,0,32,0,91,0,88,0,29,0,8,0,1,0,0
34709,0,0,0,0,3,0,14,0,61,0,100,0,61,0,14,0,3,0,0,0
34709,7,0,0,0,0,4,0,40,0,88,0,80,0,36,0,8,0,0,0,0
34709,33288,0,0,1,0,6,0,35,0,84,0,87,0,38,0,5,0,0,0,0
34709,33295,0,0,0,2,0,16,0,62,0,96,0,62,0,16,0,2,0,0,0
54992,0,0,0,0,2,0,16,0,62,0,96,0,62,0,16,0,2,0,0,0
54992,7,0,0,0,0,5,0,38,0,87,0,84,0,35,0,6,0,1,0,0
54992,33288,0,0,1,0,6,0,35,0,84,0,87,0,38,0,5,0,0,0,0
54992,33295,0,0,0,2,0,16,0,62,0,96,0,62,0,16,0,2,0,0,0
22237,0,0,0,0,0,8,0,36,0,80,0,88,0,40,0,4,0,0,0,0
22237,7,0,0,0,3,0,18,0,45,0,124,0,45,0,18,0,3,0,0,0
22237,33288,0,0,0,2,0,16,0,62,0,96,0,62,0,16,0,2,0,0,0
22237,33295,0,0,0,0,4,0,40,0,88,0,80,0,36,0,8,0,0,0,0
54680,0,0,0,1,0,6,0,35,0,84,0,87,0,38,0,5,0,0,0,0
54680,7,0,0,0,1,0,18,0,63,0,92,0,63,0,18,0,1,0,0,0
54680,33288,0,0,0,1,0,20,0,57,0,96,0,67,0,12,0,3,0,0,0
54680,33295,0,0,0,0,7,0,32,0,91,0,88,0,29,0,8,0,1,0,0
21909,0,0,0,0,3,0,14,0,61,0,100,0,61,0,14,0,3,0,0,0
21909,7,0,0,0,0,4,0,40,0,88,0,80,0,36,0,8,0,0,0,0
21909,33288,0,0,1,0,6,0,35,0,84,0,87,0,38,0,5,0,0,0,0
21909,33295,0,0,0,2,0,16,0,62,0,96,0,62,0,16,0,2,0,0,0
66755,0,0,0,0,0,8,0,36,0,80,0,88,0,40,0,4,0,0,0,0
66755,7,0,0,0,4,0,16,0,56,0,96,0,68,0,16,0,0,0,0,0
66755,33288,0,0,0,3,0,14,0,61,0,100,0,61,0,14,0,3,0,0,0
66755,33295,0,0,0,0,10,0,30,0,84,0,92,0,34,0,6,0,0,0,0
99534,0,0,0,0,2,0,16,0,62,0,96,0,62,0,16,0,2,0,0,0
99534,7,0,0,1,0,6,0,35,0,84,0,87,0,38,0,5,0,0,0,0
99534,33288,0,0,0,0,6,0,46,0,60,0,108,0,30,0,6,0,0,0,0
99534,33295,0,1,0,2,0,15,0,60,0,95,0,66,0,17,0,0,0,0,0
67467,0,0,0,0,1,0,20,0,57,0,96,0,67,0,12,0,3,0,0,0
67467,7,0,0,1,0,6,0,35,0,84,0,87,0,38,0,5,0,0,0,0
67467,33288,0,0,1,0,6,0,35,0,84,0,87,0,38,0,5,0,0,0,0
67467,33295,0,0,0,4,0,16,0,56,0,96,0,68,0,16,0,0,0,0,0
100230,0,0,0,1,0,8,0,29,0,88,0,91,0,32,0,7,0,0,0,0
100230,7,0,0,0,4,0,16,0,56,0,96,0,68,0,16,0,0,0,0,0
100230,33288,0,0,0,2,0,16,0,62,0,96,0,62,0,16,0,2,0,0,0
100230,33295,0,0,0,0,8,0,36,0,80,0,88,0,40,0,4,0,0,0,0
120515,0,0,0,0,0,8,0,36,0,80,0,88,0,40,0,4,0,0,0,0
120515,7,0,0,0,4,0,16,0,56,0,96,0,68,0,16,0,0,0,0,0
120515,33288,0,0,0,3,0,14,0,61,0,100,0,61,0,14,0,3,0,0,0
120515,33295,0,0,0,0,10,0,30,0,84,0,92,0,34,0,6,0,0,0,0
87758,0,0,0,0,2,0,16,0,62,0,96,0,62,0,16,0,2,0,0,0
87758,7,0,0,1,0,6,0,35,0,84,0,87,0,38,0,5,0,0,0,0
87758,33288,0,0,0,0,6,0,46,0,60,0,108,0,30,0,6,0,0,0,0
87758,33295,0,1,0,2,0,15,0,60,0,95,0,66,0,17,0,0,0,0,0
120203,0,0,0,0,1,0,20,0,57,0,96,0,67,0,12,0,3,0,0,0
120203,7,0,0,1,0,6,0,35,0,84,0,87,0,38,0,5,0,0,0,0
120203,33288,0,0,1,0,6,0,35,0,84,0,87,0,38,0,5,0,0,0,0
120203,33295,0,0,0,4,0,16,0,56,0,96,0,68,0,16,0,0,0,0,0
87430,0,0,0,1,0,8,0,29,0,88,0,91,0,32,0,7,0,0,0,0
87430,7,0,0,0,4,0,16,0,56,0,96,0,68,0,16,0,0,0,0,0
87430,33288,0,0,0,2,0,16,0,62,0,96,0,62,0,16,0,2,0,0,0
87430,33295,0,0,0,0,8,0,36,0,80,0,88,0,40,0,4,0,0,0,0
78848,0,1,0,0,0,9,0,24,0,99,0,72,0,51,0,0,0,0,0,0
78848,7,0,0,0,2,0,22,0,52,0,92,0,74,0,14,0,0,0,0,0
78848,33288,0,0,0,2,0,22,0,52,0,92,0,74,0,14,0,0,0,0,0
78848,33295,0,0,0,0,10,0,30,0,84,0,92,0,34,0,6,0,0,0,0
111629,0,0,0,0,4,0,16,0,56,0,96,0,68,0,16,0,0,0,0,0
111629,7,0,0,0,0,10,0,30,0,84,0,92,0,34,0,6,0,0,0,0
111629,33288,0,0,2,0,6,0,36,0,76,0,90,0,46,0,0,0,0,0,0
111629,33295,0,0,0,4,0,16,0,56,0,96,0,68,0,16,0,0,0,0,0
79688,0,0,0,0,2,0,22,0,52,0,92,0,74,0,14,0,0,0,0,0
79688,7,0,0,2,0,4,0,34,0,88,0,86,0,36,0,6,0,0,0,0
79688,33288,0,0,2,0,6,0,36,0,76,0,90,0,46,0,0,0,0,0,0
79688,33295,0,0,0,4,0,16,0,56,0,96,0,68,0,16,0,0,0,0,0
112453,0,0,0,0,0,12,0,32,0,72,0,96,0,44,0,0,0,0,0,0
112453,7,0,0,0,4,0,16,0,56,0,96,0,68,0,16,0,0,0,0,0
112453,33288,0,1,0,2,0,15,0,60,0,95,0,66,0,17,0,0,0,0,0
112453,33295,0,0,1,0,6,0,35,0,84,0,87,0,38,0,5,0,0,0,0
124416,0,1,0,0,0,9,0,24,0,99,0,72,0,51,0,0,0,0,0,0
124416,7,0,0,0,2,0,22,0,52,0,92,0,74,0,14,0,0,0,0,0
124416,33288,0,0,0,2,0,22,0,52,0,92,0,74,0,14,0,0,0,0,0
124416,33295,0,0,0,0,10,0,30,0,84,0,92,0,34,0,6,0,0,0,0
91661,0,0,0,0,4,0,16,0,56,0,96,0,68,0,16,0,0,0,0,0
91661,7,0,0,0,0,10,0,30,0,84,0,92,0,34,0,6,0,0,0,0
91661,33288,0,0,2,0,6,0,36,0,76,0,90,0,46,0,0,0,0,0,0
91661,33295,0,0,0,4,0,16,0,56,0,96,0,68,0,16,0,0,0,0,0
124232,0,0,0,0,2,0,22,0,52,0,92,0,74,0,14,0,0,0,0,0
124232,7,0,0,2,0,4,0,34,0,88,0,86,0,36,0,6,0,0,0,0
124232,33288,0,0,2,0,6,0,36,0,76,0,90,0,46,0,0,0,0,0,0
124232,33295,0,0,0,4,0,16,0,56,0,96,0,68,0,16,0,0,0,0,0
91461,0,0,0,0,0,12,0,32,0,72,0,96,0,44,0,0,0,0,0,0
91461,7,0,0,0,4,0,16,0,56,0,96,0,68,0,16,0,0,0,0,0
91461,33288,0,1,0,2,0,15,0,60,0,95,0,66,0,17,0,0,0,0,0
91461,33295,0,0,1,0,6,0,35,0,84,0,87,0,38,0,5,0,0,0,0
13331,0,0,0,0,3,0,12,0,67,0,96,0,57,0,20,0,1,0,0,0
13331,7,0,0,0,0,10,0,30,0,84,0,92,0,34,0,6,0,0,0,0
13331,33288,0,0,1,0,8,0,29,0,88,0,91,0,32,0,7,0,0,0,0
13331,33295,0,0,0,4,0,12,0,72,0,72,0,84,0,12,0,0,0,0,0
46110,0,0,0,1,0,6,0,35,0,84,0,87,0,38,0,5,0,0,0,0
46110,7,0,0,0,2,0,22,0,52,0,92,0,74,0,14,0,0,0,0,0
46110,33288,0,0,0,2,0,16,0,62,0,96,0,62,0,16,0,2,0,0,0
46110,33295,0,0,2,0,4,0,34,0,88,0,86,0,36,0,6,0,0,0,0
14171,0,0,0,1,0,6,0,35,0,84,0,87,0,38,0,5,0,0,0,0
14171,7,0,1,0,2,0,15,0,60,0,95,0,66,0,17,0,0,0,0,0
14171,33288,0,0,0,1,0,18,0,63,0,92,0,63,0,18,0,1,0,0,0
14171,33295,0,0,0,0,10,0,30,0,84,0,92,0,34,0,6,0,0,0,0
46934,0,0,0,0,1,0,20,0,57,0,96,0,67,0,12,0,3,0,0,0
46934,7,0,0,1,0,6,0,35,0,84,0,87,0,38,0,5,0,0,0,0
46934,33288,0,0,1,0,6,0,35,0,84,0,87,0,38,0,5,0,0,0,0
46934,33295,0,0,0,4,0,16,0,56,0,96,0,68,0,16,0,0,0,0,0
58899,0,0,0,0,3,0,12,0,67,0,96,0,57,0,20,0,1,0,0,0
58899,7,0,0,0,0,10,0,30,0,84,0,92,0,34,0,6,0,0,0,0
58899,33288,0,0,1,0,8,0,29,0,88,0,91,0,32,0,7,0,0,0,0
58899,33295,0,0,0,4,0,12,0,72,0,72,0,84,0,12,0,0,0,0,0
26142,0,0,0,1,0,6,0,35,0,84,0,87,0,38,0,5,0,0,0,0
26142,7,0,0,0,2,0,22,0,52,0,92,0,74,0,14,0,0,0,0,0
26142,33288,0,0,0,2,0,16,0,62,0,96,0,62,0,16,0,2,0,0,0
26142,33295,0,0,2,0,4,0,34,0,88,0,86,0,36,0,6,0,0,0,0
58715,0,0,0,1,0,6,0,35,0,84,0,87,0,38,0,5,0,0,0,0
58715,7,0,1,0,2,0,15,0,60,0,95,0,66,0,17,0,0,0,0,0
58715,33288,0,0,0,1,0,18,0,63,0,92,0,63,0,18,0,1,0,0,0
58715,33295,0,0,0,0,10,0,30,0,84,0,92,0,34,0,6,0,0,0,0
25942,0,0,0,0,1,0,20,0,57,0,96,0,67,0,12,0,3,0,0,0
25942,7,0,0,1,0,6,0,35,0,84,0,87,0,38,0,5,0,0,0,0
25942,33288,0,0,1,0,6,0,35,0,84,0,87,0,38,0,5,0,0,0,0
25942,33295,0,0,0,4,0,16,0,56,0,96,0,68,0,16,0,0,0,0,0
78032,0,0,0,0,2,0,16,0,62,0,96,0,62,0,16,0,2,0,0,0
78032,7,0,0,0,0,5,0,38,0,87,0,84,0,35,0,6,0,1,0,0
78032,33288,0,0,1,0,6,0,35,0,84,0,87,0,38,0,5,0,0,0,0
78032,33295,0,0,0,2,0,16,0,62,0,96,0,62,0,16,0,2,0,0,0
110813,0,0,0,0,0,8,0,36,0,80,0,88,0,40,0,4,0,0,0,0
110813,7,0,0,0,3,0,18,0,45,0,124,0,45,0,18,0,3,0,0,0
110813,33288,0,0,0,2,0,16,0,62,0,96,0,62,0,16,0,2,0,0,0
110813,33295,0,0,0,0,4,0,40,0,88,0,80,0,36,0,8,0,0,0,0
78744,0,0,0,1,0,6,0,35,0,84,0,87,0,38,0,5,0,0,0,0
78744,7,0,0,0,1,0,18,0,63,0,92,0,63,0,18,0,1,0,0,0
78744,33288,0,0,0,1,0,20,0,57,0,96,0,67,0,12,0,3,0,0,0
78744,33295,0,0,0,0,7,0,32,0,91,0,88,0,29,0,8,0,1,0,0
111509,0,0,0,0,3,0,14,0,61,0,100,0,61,0,14,0,3,0,0,0
111509,7,0,0,0,0,4,0,40,0,88,0,80,0,36,0,8,0,0,0,0
111509,33288,0,0,1,0,6,0,35,0,84,0,87,0,38,0,5,0,0,0,0
111509,33295,0,0,0,2,0,16,0,62,0,96,0,62,0,16,0,2,0,0,0
123600,0,0,0,0,2,0,16,0,62,0,96,0,62,0,16,0,2,0,0,0
123600,7,0,0,0,0,5,0,38,0,87,0,84,0,35,0,6,0,1,0,0
123600,33288,0,0,1,0,6,0,35,0,84,0,87,0,38,0,5,0,0,0,0
123600,33295,0,0,0,2,0,16,0,62,0,96,0,62,0,16,0,2,0,0,0
90845,0,0,0,0,0,8,0,36,0,80,0,88,0,40,0,4,0,0,0,0
90845,7,0,0,0,3,0,18,0,45,0,124,0,45,0,18,0,3,0,0,0
90845,33288,0,0,0,2,0,16,0,62,0,96,0,62,0,16,0,2,0,0,0
90845,33295,0,0,0,0,4,0,40,0,88,0,80,0,36,0,8,0,0,0,0
123288,0,0,0,1,0,6,0,35,0,84,0,87,0,38,0,5,0,0,0,0
123288,7,0,0,0,1,0,18,0,63,0,92,0,63,0,18,0,1,0,0,0
123288,33288,0,0,0,1,0,20,0,57,0,96,0,67,0,12,0,3,0,0,0
123288,33295,0,0,0,0,7,0,32,0,91,0,88,0,29,0,8,0,1,0,0
90517,0,0,0,0,3,0,14,0,61,0,100,0,61,0,14,0,3,0,0,0
90517,7,0,0,0,0,4,0,40,0,88,0,80,0,36,0,8,0,0,0,0
90517,33288,0,0,1,0,6,0,35,0,84,0,87,0,38,0,5,0,0,0,0
90517,33295,0,0,0,2,0,16,0,62,0,96,0,62,0,16,0,2,0,0,0
12483,0,0,0,0,0,8,0,36,0,80,0,88,0,40,0,4,0,0,0,0
12483,7,0,0,0,4,0,16,0,56,0,96,0,68,0,16,0,0,0,0,0
12483,33288,0,0,0,3,0,14,0,61,0,100,0,61,0,14,0,3,0,0,0
12483,33295,0,0,0,0,10,0,30,0,84,0,92,0,34,0,6,0,0,0,0
45262,0,0,0,0,2,0,16,0,62,0,96,0,62,0,16,0,2,0,0,0
45262,7,0,0,1,0,6,0,35,0,84,0,87,0,38,0,5,0,0,0,0
45262,33288,0,0,0,0,6,0,46,0,60,0,108,0,30,0,6,0,0,0,0
45262,33295,0,1,0,2,0,15,0,60,0,95,0,66,0,17,0,0,0,0,0
13195,0,0,0,0,1,0,20,0,57,0,96,0,67,0,12,0,3,0,0,0
13195,7,0,0,1,0,6,0,35,0,84,0,87,0,38,0,5,0,0,0,0
13195,33288,0,0,1,0,6,0,35,0,84,0,87,0,38,0,5,0,0,0,0
13195,33295,0,0,0,4,0,16,0,56,0,96,0,68,0,16,0,0,0,0,0
45958,0,0,0,1,0,8,0,29,0,88,0,91,0,32,0,7,0,0,0,0
45958,7,0,0,0,4,0,16,0,56,0,96,0,68,0,16,0,0,0,0,0
45958,33288,0,0,0,2,0,16,0,62,0,96,0,62,0,16,0,2,0,0,0
45958,33295,0,0,0,0,8,0,36,0,80,0,88,0,40,0,4,0,0,0,0
58051,0,0,0,0,0,8,0,36,0,80,0,88,0,40,0,4,0,0,0,0
58051,7,0,0,0,4,0,16,0,56,0,96,0,68,0,16,0,0,0,0,0
58051,33288,0,0,0,3,0,14,0,61,0,100,0,61,0,14,0,3,0,0,0
58051,33295,0,0,0,0,10,0,30,0,84,0,92,0,34,0,6,0,0,0,0
25294,0,0,0,0,2,0,16,0,62,0,96,0,62,0,16,0,2,0,0,0
25294,7,0,0,1,0,6,0,35,0,84,0,87,0,38,0,5,0,0,0,0
25294,33288,0,0,0,0,6,0,46,0,60,0,108,0,30,0,6,0,0,0,0
25294,33295,0,1,0,2,0,15,0,60,0,95,0,66,0,17,0,0,0,0,0
57739,0,0,0,0,1,0,20,0,57,0,96,0,67,0,12,0,3,0,0,0
57739,7,0,0,1,0,6,0,35,0,84,0,87,0,38,0,5,0,0,0,0
57739,33288,0,0,1,0,6,0,35,0,84,0,87,0,38,0,5,0,0,0,0
57739,33295,0,0,0,4,0,16,0,56,0,96,0,68,0,16,0,0,0,0,0
24966,0,0,0,1,0,8,0,29,0,88,0,91,0,32,0,7,0,0,0,0
24966,7,0,0,0,4,0,16,0,56,0,96,0,68,0,16,0,0,0,0,0
24966,33288,0,0,0,2,0,16,0,62,0,96,0,62,0,16,0,2,0,0,0
24966,33295,0,0,0,0,8,0,36,0,80,0,88,0,40,0,4,0,0,0,0
131110,0,0,0,1,0,6,0,35,0,84,0,87,0,38,0,5,0,0,0,0
131110,7,0,0,0,4,0,16,0,56,0,96,0,68,0,16,0,0,0,0,0
131110,33288,0,0,0,4,0,16,0,56,0,96,0,68,0,16,0,0,0,0,0
131110,33295,0,0,2,0,6,0,36,0,76,0,90,0,46,0,0,0,0,0,0
163883,0,0,0,0,2,0,22,0,52,0,92,0,74,0,14,0,0,0,0,0
163883,7,0,0,2,0,6,0,36,0,76,0,90,0,46,0,0,0,0,0,0
163883,33288,0,0,1,0,4,0,45,0,64,0,107,0,28,0,7,0,0,0,0
163883,33295,0,1,0,2,0,15,0,60,0,95,0,66,0,17,0,0,0,0,0
131950,0,0,1,0,2,0,15,0,60,0,95,0,66,0,17,0,0,0,0,0
131950,7,0,0,2,0,6,0,36,0,76,0,90,0,46,0,0,0,0,0,0
131950,33288,0,0,0,0,8,0,36,0,80,0,88,0,40,0,4,0,0,0,0
131950,33295,0,0,0,4,0,16,0,56,0,96,0,68,0,16,0,0,0,0,0
164707,0,0,0,0,0,10,0,30,0,84,0,92,0,34,0,6,0,0,0,0
164707,7,0,0,0,4,0,16,0,56,0,96,0,68,0,16,0,0,0,0,0
164707,33288,0,1,0,2,0,15,0,60,0,95,0,66,0,17,0,0,0,0,0
164707,33295,0,0,0,0,12,0,32,0,72,0,96,0,44,0,0,0,0,0,0
184870,0,0,0,1,0,6,0,35,0,84,0,87,0,38,0,5,0,0,0,0
184870,7,0,0,0,4,0,16,0,56,0,96,0,68,0,16,0,0,0,0,0
184870,33288,0,0,0,4,0,16,0,56,0,96,0,68,0,16,0,0,0,0,0
184870,33295,0,0,2,0,6,0,36,0,76,0,90,0,46,0,0,0,0,0,0
152107,0,0,0,0,2,0,22,0,52,0,92,0,74,0,14,0,0,0,0,0
152107,7,0,0,2,0,6,0,36,0,76,0,90,0,46,0,0,0,0,0,0
152107,33288,0,0,1,0,4,0,45,0,64,0,107,0,28,0,7,0,0,0,0
152107,33295,0,1,0,2,0,15,0,60,0,95,0,66,0,17,0,0,0,0,0
184686,0,0,1,0,2,0,15,0,60,0,95,0,66,0,17,0,0,0,0,0
184686,7,0,0,2,0,6,0,36,0,76,0,90,0,46,0,0,0,0,0,0
184686,33288,0,0,0,0,8,0,36,0,80,0,88,0,40,0,4,0,0,0,0
184686,33295,0,0,0,4,0,16,0,56,0,96,0,68,0,16,0,0,0,0,0
151907,0,0,0,0,0,10,0,30,0,84,0,92,0,34,0,6,0,0,0,0
151907,7,0,0,0,4,0,16,0,56,0,96,0,68,0,16,0,0,0,0,0
151907,33288,0,1,0,2,0,15,0,60,0,95,0,66,0,17,0,0,0,0,0
151907,33295,0,0,0,0,12,0,32,0,72,0,96,0,44,0,0,0,0,0,0
196661,0,0,1,0,2,0,15,0,60,0,95,0,66,0,17,0,0,0,0,0
196661,7,0,0,1,0,6,0,35,0,84,0,87,0,38,0,5,0,0,0,0
196661,33288,0,0,0,0,8,0,36,0,80,0,88,0,40,0,4,0,0,0,0
196661,33295,0,0,0,2,0,16,0,62,0,96,0,62,0,16,0,2,0,0,0
229432,0,0,0,1,0,6,0,35,0,84,0,87,0,38,0,5,0,0,0,0
229432,7,0,0,0,1,0,22,0,47,0,116,0,47,0,22,0,1,0,0,0
229432,33288,0,0,0,2,0,22,0,52,0,92,0,74,0,14,0,0,0,0,0
229432,33295,0,0,1,0,8,0,29,0,88,0,91,0,32,0,7,0,0,0,0
197501,0,0,0,0,0,8,0,36,0,80,0,88,0,40,0,4,0,0,0,0
197501,7,0,0,0,3,0,14,0,61,0,100,0,61,0,14,0,3,0,0,0
197501,33288,0,1,0,2,0,15,0,60,0,95,0,66,0,17,0,0,0,0,0
197501,33295,0,0,0,0,8,0,36,0,80,0,88,0,40,0,4,0,0,0,0
230256,0,0,0,0,4,0,16,0,56,0,96,0,68,0,16,0,0,0,0,0
230256,7,0,0,0,0,8,0,36,0,80,0,88,0,40,0,4,0,0,0,0
230256,33288,0,0,2,0,4,0,34,0,88,0,86,0,36,0,6,0,0,0,0
230256,33295,0,0,0,2,0,16,0,62,0,96,0,62,0,16,0,2,0,0,0
250421,0,0,1,0,2,0,15,0,60,0,95,0,66,0,17,0,0,0,0,0
250421,7,0,0,1,0,6,0,35,0,84,0,87,0,38,0,5,0,0,0,0
250421,33288,0,0,0,0,8,0,36,0,80,0,88,0,40,0,4,0,0,0,0
250421,33295,0,0,0,2,0,16,0,62,0,96,0,62,0,16,0,2,0,0,0
217656,0,0,0,1,0,6,0,35,0,84,0,87,0,38,0,5,0,0,0,0
217656,7,0,0,0,1,0,22,0,47,0,116,0,47,0,22,0,1,0,0,0
217656,33288,0,0,0,2,0,22,0,52,0,92,0,74,0,14,0,0,0,0,0
217656,33295,0,0,1,0,8,0,29,0,88,0,91,0,32,0,7,0,0,0,0
250237,0,0,0,0,0,8,0,36,0,80,0,88,0,40,0,4,0,0,0,0
250237,7,0,0,0,3,0,14,0,61,0,100,0,61,0,14,0,3,0,0,0
250237,33288,0,1,0,2,0,15,0,60,0,95,0,66,0,17,0,0,0,0,0
250237,33295,0,0,0,0,8,0,36,0,80,0,88,0,40,0,4,0,0,0,0
217456,0,0,0,0,4,0,16,0,56,0,96,0,68,0,16,0,0,0,0,0
217456,7,0,0,0,0,8,0,36,0,80,0,88,0,40,0,4,0,0,0,0
217456,33288,0,0,2,0,4,0,34,0,88,0,86,0,36,0,6,0,0,0,0
217456,33295,0,0,0,2,0,16,0,62,0,96,0,62,0,16,0,2,0,0,0
132342,0,0,0,0,2,0,16,0,62,0,96,0,62,0,16,0,2,0,0,0
132342,7,0,0,0,0,8,0,36,0,80,0,88,0,40,0,4,0,0,0,0
132342,33288,0,0,0,0,7,0,32,0,91,0,88,0,29,0,8,0,1,0,0
132342,33295,0,0,0,1,0,22,0,47,0,116,0,47,0,22,0,1,0,0,0
165115,0,0,0,0,0,5,0,38,0,87,0,84,0,35,0,6,0,1,0,0
165115,7,0,0,0,3,0,12,0,67,0,96,0,57,0,20,0,1,0,0,0
165115,33288,0,0,0,2,0,16,0,62,0,96,0,62,0,16,0,2,0,0,0
165115,33295,0,0,1,0,6,0,35,0,84,0,87,0,38,0,5,0,0,0,0
133054,0,0,0,0,0,5,0,38,0,87,0,84,0,35,0,6,0,1,0,0
133054,7,0,0,0,2,0,16,0,62,0,96,0,62,0,16,0,2,0,0,0
133054,33288,0,0,0,1,0,18,0,63,0,92,0,63,0,18,0,1,0,0,0
133054,33295,0,0,1,0,8,0,29,0,88,0,91,0,32,0,7,0,0,0,0
165811,0,0,0,0,2,0,16,0,62,0,96,0,62,0,16,0,2,0,0,0
165811,7,0,0,1,0,8,0,29,0,88,0,91,0,32,0,7,0,0,0,0
165811,33288,0,0,0,0,5,0,38,0,87,0,84,0,35,0,6,0,1,0,0
165811,33295,0,0,0,1,0,18,0,63,0,92,0,63,0,18,0,1,0,0,0
186102,0,0,0,0,2,0,16,0,62,0,96,0,62,0,16,0,2,0,0,0
186102,7,0,0,0,0,8,0,36,0,80,0,88,0,40,0,4,0,0,0,0
186102,33288,0,0,0,0,7,0,32,0,91,0,88,0,29,0,8,0,1,0,0
186102,33295,0,0,0,1,0,22,0,47,0,116,0,47,0,22,0,1,0,0,0
153339,0,0,0,0,0,5,0,38,0,87,0,84,0,35,0,6,0,1,0,0
153339,7,0,0,0,3,0,12,0,67,0,96,0,57,0,20,0,1,0,0,0
153339,33288,0,0,0,2,0,16,0,62,0,96,0,62,0,16,0,2,0,0,0
153339,33295,0,0,1,0,6,0,35,0,84,0,87,0,38,0,5,0,0,0,0
185790,0,0,0,0,0,5,0,38,0,87,0,84,0,35,0,6,0,1,0,0
185790,7,0,0,0,2,0,16,0,62,0,96,0,62,0,16,0,2,0,0,0
185790,33288,0,0,0,1,0,18,0,63,0,92,0,63,0,18,0,1,0,0,0
185790,33295,0,0,1,0,8,0,29,0,88,0,91,0,32,0,7,0,0,0,0
153011,0,0,0,0,2,0,16,0,62,0,96,0,62,0,16,0,2,0,0,0
153011,7,0,0,1,0,8,0,29,0,88,0,91,0,32,0,7,0,0,0,0
153011,33288,0,0,0,0,5,0,38,0,87,0,84,0,35,0,6,0,1,0,0
153011,33295,0,0,0,1,0,18,0,63,0,92,0,63,0,18,0,1,0,0,0
197861,0,0,0,1,0,4,0,45,0,64,0,107,0,28,0,7,0,0,0,0
197861,7,0,0,0,1,0,20,0,57,0,96,0,67,0,12,0,3,0,0,0
197861,33288,0,1,0,2,0,15,0,60,0,95,0,66,0,17,0,0,0,0,0
197861,33295,0,0,0,0,8,0,36,0,80,0,88,0,40,0,4,0,0,0,0
230632,0,0,0,0,4,0,16,0,56,0,96,0,68,0,16,0,0,0,0,0
230632,7,0,0,1,0,8,0,29,0,88,0,91,0,32,0,7,0,0,0,0
230632,33288,0,0,0,0,10,0,30,0,84,0,92,0,34,0,6,0,0,0,0
230632,33295,0,0,0,1,0,18,0,63,0,92,0,63,0,18,0,1,0,0,0
198573,0,0,0,0,2,0,22,0,52,0,92,0,74,0,14,0,0,0,0,0
198573,7,0,0,1,0,6,0,35,0,84,0,87,0,38,0,5,0,0,0,0
198573,33288,0,0,0,0,10,0,30,0,84,0,92,0,34,0,6,0,0,0,0
198573,33295,0,0,0,3,0,14,0,61,0,100,0,61,0,14,0,3,0,0,0
231328,0,0,0,2,0,4,0,34,0,88,0,86,0,36,0,6,0,0,0,0
231328,7,0,0,0,1,0,18,0,63,0,92,0,63,0,18,0,1,0,0,0
231328,33288,0,0,0,2,0,22,0,52,0,92,0,74,0,14,0,0,0,0,0
231328,33295,0,0,1,0,8,0,29,0,88,0,91,0,32,0,7,0,0,0,0
251621,0,0,0,1,0,4,0,45,0,64,0,107,0,28,0,7,0,0,0,0
251621,7,0,0,0,1,0,20,0,57,0,96,0,67,0,12,0,3,0,0,0
251621,33288,0,1,0,2,0,15,0,60,0,95,0,66,0,17,0,0,0,0,0
251621,33295,0,0,0,0,8,0,36,0,80,0,88,0,40,0,4,0,0,0,0
218856,0,0,0,0,4,0,16,0,56,0,96,0,68,0,16,0,0,0,0,0
218856,7,0,0,1,0,8,0,29,0,88,0,91,0,32,0,7,0,0,0,0
218856,33288,0,0,0,0,10,0,30,0,84,0,92,0,34,0,6,0,0,0,0
218856,33295,0,0,0,1,0,18,0,63,0,92,0,63,0,18,0,1,0,0,0
251309,0,0,0,0,2,0,22,0,52,0,92,0,74,0,14,0,0,0,0,0
251309,7,0,0,1,0,6,0,35,0,84,0,87,0,38,0,5,0,0,0,0
251309,33288,0,0,0,0,10,0,30,0,84,0,92,0,34,0,6,0,0,0,0
251309,33295,0,0,0,3,0,14,0,61,0,100,0,61,0,14,0,3,0,0,0
218528,0,0,0,2,0,4,0,34,0,88,0,86,0,36,0,6,0,0,0,0
218528,7,0,0,0,1,0,18,0,63,0,92,0,63,0,18,0,1,0,0,0
218528,33288,0,0,0,2,0,22,0,52,0,92,0,74,0,14,0,0,0,0,0
218528,33295,0,0,1,0,8,0,29,0,88,0,91,0,32,0,7,0,0,0,0
209958,0,0,0,1,0,6,0,35,0,84,0,87,0,38,0,5,0,0,0,0
209958,7,0,0,0,4,0,16,0,56,0,96,0,68,0,16,0,0,0,0,0
209958,33288,0,0,0,4,0,16,0,56,0,96,0,68,0,16,0,0,0,0,0
209958,33295,0,0,2,0,6,0,36,0,76,0,90,0,46,0,0,0,0,0,0
242731,0,0,0,0,2,0,22,0,52,0,92,0,74,0,14,0,0,0,0,0
242731,7,0,0,2,0,6,0,36,0,76,0,90,0,46,0,0,0,0,0,0
242731,33288,0,0,1,0,4,0,45,0,64,0,107,0,28,0,7,0,0,0,0
242731,33295,0,1,0,2,0,15,0,60,0,95,0,66,0,17,0,0,0,0,0
210798,0,0,1,0,2,0,15,0,60,0,95,0,66,0,17,0,0,0,0,0
210798,7,0,0,2,0,6,0,36,0,76,0,90,0,46,0,0,0,0,0,0
210798,33288,0,0,0,0,8,0,36,0,80,0,88,0,40,0,4,0,0,0,0
210798,33295,0,0,0,4,0,16,0,56,0,96,0,68,0,16,0,0,0,0,0
243555,0,0,0,0,0,10,0,30,0,84,0,92,0,34,0,6,0,0,0,0
243555,7,0,0,0,4,0,16,0,56,0,96,0,68,0,16,0,0,0,0,0
243555,33288,0,1,0,2,0,15,0,60,0,95,0,66,0,17,0,0,0,0,0
243555,33295,0,0,0,0,12,0,32,0,72,0,96,0,44,0,0,0,0,0,0
255526,0,0,0,1,0,6,0,35,0,84,0,87,0,38,0,5,0,0,0,0
255526,7,0,0,0,4,0,16,0,56,0,96,0,68,0,16,0,0,0,0,0
255526,33288,0,0,0,4,0,16,0,56,0,96,0,68,0,16,0,0,0,0,0
255526,33295,0,0,2,0,6,0,36,0,76,0,90,0,46,0,0,0,0,0,0
222763,0,0,0,0,2,0,22,0,52,0,92,0,74,0,14,0,0,0,0,0
222763,7,0,0,2,0,6,0,36,0,76,0,90,0,46,0,0,0,0,0,0
222763,33288,0,0,1,0,4,0,45,0,64,0,107,0,28,0,7,0,0,0,0
222763,33295,0,1,0,2,0,15,0,60,0,95,0,66,0,17,0,0,0,0,0
255342,0,0,1,0,2,0,15,0,60,0,95,0,66,0,17,0,0,0,0,0
255342,7,0,0,2,0,6,0,36,0,76,0,90,0,46,0,0,0,0,0,0
255342,33288,0,0,0,0,8,0,36,0,80,0,88,0,40,0,4,0,0,0,0
255342,33295,0,0,0,4,0,16,0,56,0,96,0,68,0,16,0,0,0,0,0
222563,0,0,0,0,0,10,0,30,0,84,0,92,0,34,0,6,0,0,0,0
222563,7,0,0,0,4,0,16,0,56,0,96,0,68,0,16,0,0,0,0,0
222563,33288,0,1,0,2,0,15,0,60,0,95,0,66,0,17,0,0,0,0,0
222563,33295,0,0,0,0,12,0,32,0,72,0,96,0,44,0,0,0,0,0,0
144437,0,0,1,0,2,0,15,0,60,0,95,0,66,0,17,0,0,0,0,0
144437,7,0,0,1,0,6,0,35,0,84,0,87,0,38,0,5,0,0,0,0
144437,33288,0,0,0,0,8,0,36,0,80,0,88,0,40,0,4,0,0,0,0
144437,33295,0,0,0,2,0,16,0,62,0,96,0,62,0,16,0,2,0,0,0
177208,0,0,0,1,0,6,0,35,0,84,0,87,0,38,0,5,0,0,0,0
177208,7,0,0,0,1,0,22,0,47,0,116,0,47,0,22,0,1,0,0,0
177208,33288,0,0,0,2,0,22,0,52,0,92,0,74,0,14,0,0,0,0,0
177208,33295,0,0,1,0,8,0,29,0,88,0,91,0,32,0,7,0,0,0,0
145277,0,0,0,0,0,8,0,36,0,80,0,88,0,40,0,4,0,0,0,0
145277,7,0,0,0,3,0,14,0,61,0,100,0,61,0,14,0,3,0,0,0
145277,33288,0,1,0,2,0,15,0,60,0,95,0,66,0,17,0,0,0,0,0
145277,33295,0,0,0,0,8,0,36,0,80,0,88,0,40,0,4,0,0,0,0
178032,0,0,0,0,4,0,16,0,56,0,96,0,68,0,16,0,0,0,0,0
178032,7,0,0,0,0,8,0,36,0,80,0,88,0,40,0,4,0,0,0,0
178032,33288,0,0,2,0,4,0,34,0,88,0,86,0,36,0,6,0,0,0,0
178032,33295,0,0,0,2,0,16,0,62,0,96,0,62,0,16,0,2,0,0,0
190005,0,0,1,0,2,0,15,0,60,0,95,0,66,0,17,0,0,0,0,0
190005,7,0,0,1,0,6,0,35,0,84,0,87,0,38,0,5,0,0,0,0
190005,33288,0,0,0,0,8,0,36,0,80,0,88,0,40,0,4,0,0,0,0
190005,33295,0,0,0,2,0,16,0,62,0,96,0,62,0,16,0,2,0,0,0
157240,0,0,0,1,0,6,0,35,0,84,0,87,0,38,0,5,0,0,0,0
157240,7,0,0,0,1,0,22,0,47,0,116,0,47,0,22,0,1,0,0,0
157240,33288,0,0,0,2,0,22,0,52,0,92,0,74,0,14,0,0,0,0,0
157240,33295,0,0,1,0,8,0,29,0,88,0,91,0,32,0,7,0,0,0,0
189821,0,0,0,0,0,8,0,36,0,80,0,88,0,40,0,4,0,0,0,0
189821,7,0,0,0,3,0,14,0,61,0,100,0,61,0,14,0,3,0,0,0
189821,33288,0,1,0,2,0,15,0,60,0,95,0,66,0,17,0,0,0,0,0
189821,33295,0,0,0,0,8,0,36,0,80,0,88,0,40,0,4,0,0,0,0
157040,0,0,0,0,4,0,16,0,56,0,96,0,68,0,16,0,0,0,0,0
157040,7,0,0,0,0,8,0,36,0,80,0,88,0,40,0,4,0,0,0,0
157040,33288,0,0,2,0,4,0,34,0,88,0,86,0,36,0,6,0,0,0,0
157040,33295,0,0,0,2,0,16,0,62,0,96,0,62,0,16,0,2,0,0,0
209142,0,0,0,0,2,0,16,0,62,0,96,0,62,0,16,0,2,0,0,0
209142,7,0,0,0,0,8,0,36,0,80,0,88,0,40,0,4,0,0,0,0
209142,33288,0,0,0,0,7,0,32,0,91,0,88,0,29,0,8,0,1,0,0
209142,33295,0,0,0,1,0,22,0,47,0,116,0,47,0,22,0,1,0,0,0
241915,0,0,0,0,0,5,0,38,0,87,0,84,0,35,0,6,0,1,0,0
241915,7,0,0,0,3,0,12,0,67,0,96,0,57,0,20,0,1,0,0,0
241915,33288,0,0,0,2,0,16,0,62,0,96,0,62,0,16,0,2,0,0,0
241915,33295,0,0,1,0,6,0,35,0,84,0,87,0,38,0,5,0,0,0,0
209854,0,0,0,0,0,5,0,38,0,87,0,84,0,35,0,6,0,1,0,0
209854,7,0,0,0,2,0,16,0,62,0,96,0,62,0,16,0,2,0,0,0
209854,33288,0,0,0,1,0,18,0,63,0,92,0,63,0,18,0,1,0,0,0
209854,33295,0,0,1,0,8,0,29,0,88,0,91,0,32,0,7,0,0,0,0
242611,0,0,0,0,2,0,16,0,62,0,96,0,62,0,16,0,2,0,0,0
242611,7,0,0,1,0,8,0,29,0,88,0,91,0,32,0,7,0,0,0,0
242611,33288,0,0,0,0,5,0,38,0,87,0,84,0,35,0,6,0,1,0,0
242611,33295,0,0,0,1,0,18,0,63,0,92,0,63,0,18,0,1,0,0,0
254710,0,0,0,0,2,0,16,0,62,0,96,0,62,0,16,0,2,0,0,0
254710,7,0,0,0,0,8,0,36,0,80,0,88,0,40,0,4,0,0,0,0
254710,33288,0,0,0,0,7,0,32,0,91,0,88,0,29,0,8,0,1,0,0
254710,33295,0,0,0,1,0,22,0,47,0,116,0,47,0,22,0,1,0,0,0
221947,0,0,0,0,0,5,0,38,0,87,0,84,0,35,0,6,0,1,0,0
221947,7,0,0,0,3,0,12,0,67,0,96,0,57,0,20,0,1,0,0,0
221947,33288,0,0,0,2,0,16,0,62,0,96,0,62,0,16,0,2,0,0,0
221947,33295,0,0,1,0,6,0,35,0,84,0,87,0,38,0,5,0,0,0,0
254398,0,0,0,0,0,5,0,38,0,87,0,84,0,35,0,6,0,1,0,0
254398,7,0,0,0,2,0,16,0,62,0,96,0,62,0,16,0,2,0,0,0
254398,33288,0,0,0,1,0,18,0,63,0,92,0,63,0,18,0,1,0,0,0
254398,33295,0,0,1,0,8,0,29,0,88,0,91,0,32,0,7,0,0,0,0
221619,0,0,0,0,2,0,16,0,62,0,96,0,62,0,16,0,2,0,0,0
221619,7,0,0,1,0,8,0,29,0,88,0,91,0,32,0,7,0,0,0,0
221619,33288,0,0,0,0,5,0,38,0,87,0,84,0,35,0,6,0,1,0,0
221619,33295,0,0,0,1,0,18,0,63,0,92,0,63,0,18,0,1,0,0,0
143589,0,0,0,1,0,4,0,45,0,64,0,107,0,28,0,7,0,0,0,0
143589,7,0,0,0,1,0,20,0,57,0,96,0,67,0,12,0,3,0,0,0
143589,33288,0,1,0,2,0,15,0,60,0,95,0,66,0,17,0,0,0,0,0
143589,33295,0,0,0,0,8,0,36,0,80,0,88,0,40,0,4,0,0,0,0
176360,0,0,0,0,4,0,16,0,56,0,96,0,68,0,16,0,0,0,0,0
176360,7,0,0,1,0,8,0,29,0,88,0,91,0,32,0,7,0,0,0,0
176360,33288,0,0,0,0,10,0,30,0,84,0,92,0,34,0,6,0,0,0,0
176360,33295,0,0,0,1,0,18,0,63,0,92,0,63,0,18,0,1,0,0,0
144301,0,0,0,0,2,0,22,0,52,0,92,0,74,0,14,0,0,0,0,0
144301,7,0,0,1,0,6,0,35,0,84,0,87,0,38,0,5,0,0,0,0
144301,33288,0,0,0,0,10,0,30,0,84,0,92,0,34,0,6,0,0,0,0
144301,33295,0,0,0,3,0,14,0,61,0,100,0,61,0,14,0,3,0,0,0
177056,0,0,0,2,0,4,0,34,0,88,0,86,0,36,0,6,0,0,0,0
177056,7,0,0,0,1,0,18,0,63,0,92,0,63,0,18,0,1,0,0,0
177056,33288,0,0,0,2,0,22,0,52,0,92,0,74,0,14,0,0,0,0,0
177056,33295,0,0,1,0,8,0,29,0,88,0,91,0,32,0,7,0,0,0,0
189157,0,0,0,1,0,4,0,45,0,64,0,107,0,28,0,7,0,0,0,0
189157,7,0,0,0,1,0,20,0,57,0,96,0,67,0,12,0,3,0,0,0
189157,33288,0,1,0,2,0,15,0,60,0,95,0,66,0,17,0,0,0,0,0
189157,33295,0,0,0,0,8,0,36,0,80,0,88,0,40,0,4,0,0,0,0
156392,0,0,0,0,4,0,16,0,56,0,96,0,68,0,16,0,0,0,0,0
156392,7,0,0,1,0,8,0,29,0,88,0,91,0,32,0,7,0,0,0,0
156392,33288,0,0,0,0,10,0,30,0,84,0,92,0,34,0,6,0,0,0,0
156392,33295,0,0,0,1,0,18,0,63,0,92,0,63,0,18,0,1,0,0,0
188845,0,0,0,0,2,0,22,0,52,0,92,0,74,0,14,0,0,0,0,0
188845,7,0,0,1,0,6,0,35,0,84,0,87,0,38,0,5,0,0,0,0
188845,33288,0,0,0,0,10,0,30,0,84,0,92,0,34,0,6,0,0,0,0
188845,33295,0,0,0,3,0,14,0,61,0,100,0,61,0,14,0,3,0,0,0
156064,0,0,0,2,0,4,0,34,0,88,0,86,0,36,0,6,0,0,0,0
156064,7,0,0,0,1,0,18,0,63,0,92,0,63,0,18,0,1,0,0,0
156064,33288,0,0,0,2,0,22,0,52,0,92,0,74,0,14,0,0,0,0,0
156064,33295,0,0,1,0,8,0,29,0,88,0,91,0,32,0,7,0,0,0,0
2464,0,0,0,2,0,4,0,34,0,88,0,86,0,36,0,6,0,0,0,0
2464,7,0,0,0,1,0,18,0,63,0,92,0,63,0,18,0,1,0,0,0
2464,33288,0,0,0,2,0,22,0,52,0,92,0,74,0,14,0,0,0,0,0
2464,33295,0,0,1,0,8,0,29,0,88,0,91,0,32,0,7,0,0,0,0
35245,0,0,0,0,2,0,22,0,52,0,92,0,74,0,14,0,0,0,0,0
35245,7,0,0,1,0,6,0,35,0,84,0,87,0,38,0,5,0,0,0,0
35245,33288,0,0,0,0,10,0,30,0,84,0,92,0,34,0,6,0,0,0,0
35245,33295,0,0,0,3,0,14,0,61,0,100,0,61,0,14,0,3,0,0,0
2792,0,0,0,0,4,0,16,0,56,0,96,0,68,0,16,0,0,0,0,0
2792,7,0,0,1,0,8,0,29,0,88,0,91,0,32,0,7,0,0,0,0
2792,33288,0,0,0,0,10,0,30,0,84,0,92,0,34,0,6,0,0,0,0
2792,33295,0,0,0,1,0,18,0,63,0,92,0,63,0,18,0,1,0,0,0
35557,0,0,0,1,0,4,0,45,0,64,0,107,0,28,0,7,0,0,0,0
35557,7,0,0,0,1,0,20,0,57,0,96,0,67,0,12,0,3,0,0,0
35557,33288,0,1,0,2,0,15,0,60,0,95,0,66,0,17,0,0,0,0,0
35557,33295,0,0,0,0,8,0,36,0,80,0,88,0,40,0,4,0,0,0,0
56224,0,0,0,2,0,4,0,34,0,88,0,86,0,36,0,6,0,0,0,0
56224,7,0,0,0,1,0,18,0,63,0,92,0,63,0,18,0,1,0,0,0
56224,33288,0,0,0,2,0,22,0,52,0,92,0,74,0,14,0,0,0,0,0
56224,33295,0,0,1,0,8,0,29,0,88,0,91,0,32,0,7,0,0,0,0
23469,0,0,0,0,2,0,22,0,52,0,92,0,74,0,14,0,0,0,0,0
23469,7,0,0,1,0,6,0,35,0,84,0,87,0,38,0,5,0,0,0,0
23469,33288,0,0,0,0,10,0,30,0,84,0,92,0,34,0,6,0,0,0,0
23469,33295,0,0,0,3,0,14,0,61,0,100,0,61,0,14,0,3,0,0,0
55528,0,0,0,0,4,0,16,0,56,0,96,0,68,0,16,0,0,0,0,0
55528,7,0,0,1,0,8,0,29,0,88,0,91,0,32,0,7,0,0,0,0
55528,33288,0,0,0,0,10,0,30,0,84,0,92,0,34,0,6,0,0,0,0
55528,33295,0,0,0,1,0,18,0,63,0,92,0,63,0,18,0,1,0,0,0
22757,0,0,0,1,0,4,0,45,0,64,0,107,0,28,0,7,0,0,0,0
22757,7,0,0,0,1,0,20,0,57,0,96,0,67,0,12,0,3,0,0,0
22757,33288,0,1,0,2,0,15,0,60,0,95,0,66,0,17,0,0,0,0,0
22757,33295,0,0,0,0,8,0,36,0,80,0,88,0,40,0,4,0,0,0,0
68019,0,0,0,0,2,0,16,0,62,0,96,0,62,0,16,0,2,0,0,0
68019,7,0,0,1,0,8,0,29,0,88,0,91,0,32,0,7,0,0,0,0
68019,33288,0,0,0,0,5,0,38,0,87,0,84,0,35,0,6,0,1,0,0
68019,33295,0,0,0,1,0,18,0,63,0,92,0,63,0,18,0,1,0,0,0
100798,0,0,0,0,0,5,0,38,0,87,0,84,0,35,0,6,0,1,0,0
100798,7,0,0,0,2,0,16,0,62,0,96,0,62,0,16,0,2,0,0,0
100798,33288,0,0,0,1,0,18,0,63,0,92,0,63,0,18,0,1,0,0,0
100798,33295,0,0,1,0,8,0,29,0,88,0,91,0,32,0,7,0,0,0,0
68347,0,0,0,0,0,5,0,38,0,87,0,84,0,35,0,6,0,1,0,0
68347,7,0,0,0,3,0,12,0,67,0,96,0,57,0,20,0,1,0,0,0
68347,33288,0,0,0,2,0,16,0,62,0,96,0,62,0,16,0,2,0,0,0
68347,33295,0,0,1,0,6,0,35,0,84,0,87,0,38,0,5,0,0,0,0
101110,0,0,0,0,2,0,16,0,62,0,96,0,62,0,16,0,2,0,0,0
101110,7,0,0,0,0,8,0,36,0,80,0,88,0,40,0,4,0,0,0,0
101110,33288,0,0,0,0,7,0,32,0,91,0,88,0,29,0,8,0,1,0,0
101110,33295,0,0,0,1,0,22,0,47,0,116,0,47,0,22,0,1,0,0,0
121779,0,0,0,0,2,0,16,0,62,0,96,0,62,0,16,0,2,0,0,0
121779,7,0,0,1,0,8,0,29,0,88,0,91,0,32,0,7,0,0,0,0
121779,33288,0,0,0,0,5,0,38,0,87,0,84,0,35,0,6,0,1,0,0
121779,33295,0,0,0,1,0,18,0,63,0,92,0,63,0,18,0,1,0,0,0
89022,0,0,0,0,0,5,0,38,0,87,0,84,0,35,0,6,0,1,0,0
89022,7,0,0,0,2,0,16,0,62,0,96,0,62,0,16,0,2,0,0,0
89022,33288,0,0,0,1,0,18,0,63,0,92,0,63,0,18,0,1,0,0,0
89022,33295,0,0,1,0,8,0,29,0,88,0,91,0,32,0,7,0,0,0,0
121083,0,0,0,0,0,5,0,38,0,87,0,84,0,35,0,6,0,1,0,0
121083,7,0,0,0,3,0,12,0,67,0,96,0,57,0,20,0,1,0,0,0
121083,33288,0,0,0,2,0,16,0,62,0,96,0,62,0,16,0,2,0,0,0
121083,33295,0,0,1,0,6,0,35,0,84,0,87,0,38,0,5,0,0,0,0
88310,0,0,0,0,2,0,16,0,62,0,96,0,62,0,16,0,2,0,0,0
88310,7,0,0,0,0,8,0,36,0,80,0,88,0,40,0,4,0,0,0,0
88310,33288,0,0,0,0,7,0,32,0,91,0,88,0,29,0,8,0,1,0,0
88310,33295,0,0,0,1,0,22,0,47,0,116,0,47,0,22,0,1,0,0,0
3440,0,0,0,0,4,0,16,0,56,0,96,0,68,0,16,0,0,0,0,0
3440,7,0,0,0,0,8,0,36,0,80,0,88,0,40,0,4,0,0,0,0
3440,33288,0,0,2,0,4,0,34,0,88,0,86,0,36,0,6,0,0,0,0
3440,33295,0,0,0,2,0,16,0,62,0,96,0,62,0,16,0,2,0,0,0
36221,0,0,0,0,0,8,0,36,0,80,0,88,0,40,0,4,0,0,0,0
36221,7,0,0,0,3,0,14,0,61,0,100,0,61,0,14,0,3,0,0,0
36221,33288,0,1,0,2,0,15,0,60,0,95,0,66,0,17,0,0,0,0,0
36221,33295,0,0,0,0,8,0,36,0,80,0,88,0,40,0,4,0,0,0,0
3640,0,0,0,1,0,6,0,35,0,84,0,87,0,38,0,5,0,0,0,0
3640,7,0,0,0,1,0,22,0,47,0,116,0,47,0,22,0,1,0,0,0
3640,33288,0,0,0,2,0,22,0,52,0,92,0,74,0,14,0,0,0,0,0
3640,33295,0,0,1,0,8,0,29,0,88,0,91,0,32,0,7,0,0,0,0
36405,0,0,1,0,2,0,15,0,60,0,95,0,66,0,17,0,0,0,0,0
36405,7,0,0,1,0,6,0,35,0,84,0,87,0,38,0,5,0,0,0,0
36405,33288,0,0,0,0,8,0,36,0,80,0,88,0,40,0,4,0,0,0,0
36405,33295,0,0,0,2,0,16,0,62,0,96,0,62,0,16,0,2,0,0,0
57200,0,0,0,0,4,0,16,0,56,0,96,0,68,0,16,0,0,0,0,0
57200,7,0,0,0,0,8,0,36,0,80,0,88,0,40,0,4,0,0,0,0
57200,33288,0,0,2,0,4,0,34,0,88,0,86,0,36,0,6,0,0,0,0
57200,33295,0,0,0,2,0,16,0,62,0,96,0,62,0,16,0,2,0,0,0
24445,0,0,0,0,0,8,0,36,0,80,0,88,0,40,0,4,0,0,0,0
24445,7,0,0,0,3,0,14,0,61,0,100,0,61,0,14,0,3,0,0,0
24445,33288,0,1,0,2,0,15,0,60,0,95,0,66,0,17,0,0,0,0,0
24445,33295,0,0,0,0,8,0,36,0,80,0,88,0,40,0,4,0,0,0,0
56376,0,0,0,1,0,6,0,35,0,84,0,87,0,38,0,5,0,0,0,0
56376,7,0,0,0,1,0,22,0,47,0,116,0,47,0,22,0,1,0,0,0
56376,33288,0,0,0,2,0,22,0,52,0,92,0,74,0,14,0,0,0,0,0
56376,33295,0,0,1,0,8,0,29,0,88,0,91,0,32,0,7,0,0,0,0
23605,0,0,1,0,2,0,15,0,60,0,95,0,66,0,17,0,0,0,0,0
23605,7,0,0,1,0,6,0,35,0,84,0,87,0,38,0,5,0,0,0,0
23605,33288,0,0,0,0,8,0,36,0,80,0,88,0,40,0,4,0,0,0,0
23605,33295,0,0,0,2,0,16,0,62,0,96,0,62,0,16,0,2,0,0,0
68963,0,0,0,0,0,10,0,30,0,84,0,92,0,34,0,6,0,0,0,0
68963,7,0,0,0,4,0,16,0,56,0,96,0,68,0,16,0,0,0,0,0
68963,33288,0,1,0,2,0,15,0,60,0,95,0,66,0,17,0,0,0,0,0
68963,33295,0,0,0,0,12,0,32,0,72,0,96,0,44,0,0,0,0,0,0
101742,0,0,1,0,2,0,15,0,60,0,95,0,66,0,17,0,0,0,0,0
101742,7,0,0,2,0,6,0,36,0,76,0,90,0,46,0,0,0,0,0,0
101742,33288,0,0,0,0,8,0,36,0,80,0,88,0,40,0,4,0,0,0,0
101742,33295,0,0,0,4,0,16,0,56,0,96,0,68,0,16,0,0,0,0,0
69163,0,0,0,0,2,0,22,0,52,0,92,0,74,0,14,0,0,0,0,0
69163,7,0,0,2,0,6,0,36,0,76,0,90,0,46,0,0,0,0,0,0
69163,33288,0,0,1,0,4,0,45,0,64,0,107,0,28,0,7,0,0,0,0
69163,33295,0,1,0,2,0,15,0,60,0,95,0,66,0,17,0,0,0,0,0
101926,0,0,0,1,0,6,0,35,0,84,0,87,0,38,0,5,0,0,0,0
101926,7,0,0,0,4,0,16,0,56,0,96,0,68,0,16,0,0,0,0,0
101926,33288,0,0,0,4,0,16,0,56,0,96,0,68,0,16,0,0,0,0,0
101926,33295,0,0,2,0,6,0,36,0,76,0,90,0,46,0,0,0,0,0,0
122723,0,0,0,0,0,10,0,30,0,84,0,92,0,34,0,6,0,0,0,0
122723,7,0,0,0,4,0,16,0,56,0,96,0,68,0,16,0,0,0,0,0
122723,33288,0,1,0,2,0,15,0,60,0,95,0,66,0,17,0,0,0,0,0
122723,33295,0,0,0,0,12,0,32,0,72,0,96,0,44,0,0,0,0,0,0
89966,0,0,1,0,2,0,15,0,60,0,95,0,66,0,17,0,0,0,0,0
89966,7,0,0,2,0,6,0,36,0,76,0,90,0,46,0,0,0,0,0,0
89966,33288,0,0,0,0,8,0,36,0,80,0,88,0,40,0,4,0,0,0,0
89966,33295,0,0,0,4,0,16,0,56,0,96,0,68,0,16,0,0,0,0,0
121899,0,0,0,0,2,0,22,0,52,0,92,0,74,0,14,0,0,0,0,0
121899,7,0,0,2,0,6,0,36,0,76,0,90,0,46,0,0,0,0,0,0
121899,33288,0,0,1,0,4,0,45,0,64,0,107,0,28,0,7,0,0,0,0
121899,33295,0,1,0,2,0,15,0,60,0,95,0,66,0,17,0,0,0,0,0
89126,0,0,0,1,0,6,0,35,0,84,0,87,0,38,0,5,0,0,0,0
89126,7,0,0,0,4,0,16,0,56,0,96,0,68,0,16,0,0,0,0,0
89126,33288,0,0,0,4,0,16,0,56,0,96,0,68,0,16,0,0,0,0,0
89126,33295,0,0,2,0,6,0,36,0,76,0,90,0,46,0,0,0,0,0,0
81312,0,0,0,2,0,4,0,34,0,88,0,86,0,36,0,6,0,0,0,0
81312,7,0,0,0,1,0,18,0,63,0,92,0,63,0,18,0,1,0,0,0
81312,33288,0,0,0,2,0,22,0,52,0,92,0,74,0,14,0,0,0,0,0
81312,33295,0,0,1,0,8,0,29,0,88,0,91,0,32,0,7,0,0,0,0
114093,0,0,0,0,2,0,22,0,52,0,92,0,74,0,14,0,0,0,0,0
114093,7,0,0,1,0,6,0,35,0,84,0,87,0,38,0,5,0,0,0,0
114093,33288,0,0,0,0,10,0,30,0,84,0,92,0,34,0,6,0,0,0,0
114093,33295,0,0,0,3,0,14,0,61,0,100,0,61,0,14,0,3,0,0,0
81640,0,0,0,0,4,0,16,0,56,0,96,0,68,0,16,0,0,0,0,0
81640,7,0,0,1,0,8,0,29,0,88,0,91,0,32,0,7,0,0,0,0
81640,33288,0,0,0,0,10,0,30,0,84,0,92,0,34,0,6,0,0,0,0
81640,33295,0,0,0,1,0,18,0,63,0,92,0,63,0,18,0,1,0,0,0
114405,0,0,0,1,0,4,0,45,0,64,0,107,0,28,0,7,0,0,0,0
114405,7,0,0,0,1,0,20,0,57,0,96,0,67,0,12,0,3,0,0,0
114405,33288,0,1,0,2,0,15,0,60,0,95,0,66,0,17,0,0,0,0,0
114405,33295,0,0,0,0,8,0,36,0,80,0,88,0,40,0,4,0,0,0,0
126880,0,0,0,2,0,4,0,34,0,88,0,86,0,36,0,6,0,0,0,0
126880,7,0,0,0,1,0,18,0,63,0,92,0,63,0,18,0,1,0,0,0
126880,33288,0,0,0,2,0,22,0,52,0,92,0,74,0,14,0,0,0,0,0
126880,33295,0,0,1,0,8,0,29,0,88,0,91,0,32,0,7,0,0,0,0
94125,0,0,0,0,2,0,22,0,52,0,92,0,74,0,14,0,0,0,0,0
94125,7,0,0,1,0,6,0,35,0,84,0,87,0,38,0,5,0,0,0,0
94125,33288,0,0,0,0,10,0,30,0,84,0,92,0,34,0,6,0,0,0,0
94125,33295,0,0,0,3,0,14,0,61,0,100,0,61,0,14,0,3,0,0,0
126184,0,0,0,0,4,0,16,0,56,0,96,0,68,0,16,0,0,0,0,0
126184,7,0,0,1,0,8,0,29,0,88,0,91,0,32,0,7,0,0,0,0
126184,33288,0,0,0,0,10,0,30,0,84,0,92,0,34,0,6,0,0,0,0
126184,33295,0,0,0,1,0,18,0,63,0,92,0,63,0,18,0,1,0,0,0
93413,0,0,0,1,0,4,0,45,0,64,0,107,0,28,0,7,0,0,0,0
93413,7,0,0,0,1,0,20,0,57,0,96,0,67,0,12,0,3,0,0,0
93413,33288,0,1,0,2,0,15,0,60,0,95,0,66,0,17,0,0,0,0,0
93413,33295,0,0,0,0,8,0,36,0,80,0,88,0,40,0,4,0,0,0,0
15795,0,0,0,0,2,0,16,0,62,0,96,0,62,0,16,0,2,0,0,0
15795,7,0,0,1,0,8,0,29,0,88,0,91,0,32,0,7,0,0,0,0
15795,33288,0,0,0,0,5,0,38,0,87,0,84,0,35,0,6,0,1,0,0
15795,33295,0,0,0,1,0,18,0,63,0,92,0,63,0,18,0,1,0,0,0
48574,0,0,0,0,0,5,0,38,0,87,0,84,0,35,0,6,0,1,0,0
48574,7,0,0,0,2,0,16,0,62,0,96,0,62,0,16,0,2,0,0,0
48574,33288,0,0,0,1,0,18,0,63,0,92,0,63,0,18,0,1,0,0,0
48574,33295,0,0,1,0,8,0,29,0,88,0,91,0,32,0,7,0,0,0,0
16123,0,0,0,0,0,5,0,38,0,87,0,84,0,35,0,6,0,1,0,0
16123,7,0,0,0,3,0,12,0,67,0,96,0,57,0,20,0,1,0,0,0
16123,33288,0,0,0,2,0,16,0,62,0,96,0,62,0,16,0,2,0,0,0
16123,33295,0,0,1,0,6,0,35,0,84,0,87,0,38,0,5,0,0,0,0
48886,0,0,0,0,2,0,16,0,62,0,96,0,62,0,16,0,2,0,0,0
48886,7,0,0,0,0,8,0,36,0,80,0,88,0,40,0,4,0,0,0,0
48886,33288,0,0,0,0,7,0,32,0,91,0,88,0,29,0,8,0,1,0,0
48886,33295,0,0,0,1,0,22,0,47,0,116,0,47,0,22,0,1,0,0,0
61363,0,0,0,0,2,0,16,0,62,0,96,0,62,0,16,0,2,0,0,0
61363,7,0,0,1,0,8,0,29,0,88,0,91,0,32,0,7,0,0,0,0
61363,33288,0,0,0,0,5,0,38,0,87,0,84,0,35,0,6,0,1,0,0
61363,33295,0,0,0,1,0,18,0,63,0,92,0,63,0,18,0,1,0,0,0
28606,0,0,0,0,0,5,0,38,0,87,0,84,0,35,0,6,0,1,0,0
28606,7,0,0,0,2,0,16,0,62,0,96,0,62,0,16,0,2,0,0,0
28606,33288,0,0,0,1,0,18,0,63,0,92,0,63,0,18,0,1,0,0,0
28606,33295,0,0,1,0,8,0,29,0,88,0,91,0,32,0,7,0,0,0,0
60667,0,0,0,0,0,5,0,38,0,87,0,84,0,35,0,6,0,1,0,0
60667,7,0,0,0,3,0,12,0,67,0,96,0,57,0,20,0,1,0,0,0
60667,33288,0,0,0,2,0,16,0,62,0,96,0,62,0,16,0,2,0,0,0
60667,33295,0,0,1,0,6,0,35,0,84,0,87,0,38,0,5,0,0,0,0
27894,0,0,0,0,2,0,16,0,62,0,96,0,62,0,16,0,2,0,0,0
27894,7,0,0,0,0,8,0,36,0,80,0,88,0,40,0,4,0,0,0,0
27894,33288,0,0,0,0,7,0,32,0,91,0,88,0,29,0,8,0,1,0,0
27894,33295,0,0,0,1,0,22,0,47,0,116,0,47,0,22,0,1,0,0,0
80240,0,0,0,0,4,0,16,0,56,0,96,0,68,0,16,0,0,0,0,0
80240,7,0,0,0,0,8,0,36,0,80,0,88,0,40,0,4,0,0,0,0
80240,33288,0,0,2,0,4,0,34,0,88,0,86,0,36,0,6,0,0,0,0
80240,33295,0,0,0,2,0,16,0,62,0,96,0,62,0,16,0,2,0,0,0
113021,0,0,0,0,0,8,0,36,0,80,0,88,0,40,0,4,0,0,0,0
113021,7,0,0,0,3,0,14,0,61,0,100,0,61,0,14,0,3,0,0,0
113021,33288,0,1,0,2,0,15,0,60,0,95,0,66,0,17,0,0,0,0,0
113021,33295,0,0,0,0,8,0,36,0,80,0,88,0,40,0,4,0,0,0,0
80440,0,0,0,1,0,6,0,35,0,84,0,87,0,38,0,5,0,0,0,0
80440,7,0,0,0,1,0,22,0,47,0,116,0,47,0,22,0,1,0,0,0
80440,33288,0,0,0,2,0,22,0,52,0,92,0,74,0,14,0,0,0,0,0
80440,33295,0,0,1,0,8,0,29,0,88,0,91,0,32,0,7,0,0,0,0
113205,0,0,1,0,2,0,15,0,60,0,95,0,66,0,17,0,0,0,0,0
113205,7,0,0,1,0,6,0,35,0,84,0,87,0,38,0,5,0,0,0,0
113205,33288,0,0,0,0,8,0,36,0,80,0,88,0,40,0,4,0,0,0,0
113205,33295,0,0,0,2,0,16,0,62,0,96,0,62,0,16,0,2,0,0,0
125808,0,0,0,0,4,0,16,0,56,0,96,0,68,0,16,0,0,0,0,0
125808,7,0,0,0,0,8,0,36,0,80,0,88,0,40,0,4,0,0,0,0
125808,33288,0,0,2,0,4,0,34,0,88,0,86,0,36,0,6,0,0,0,0
125808,33295,0,0,0,2,0,16,0,62,0,96,0,62,0,16,0,2,0,0,0
93053,0,0,0,0,0,8,0,36,0,80,0,88,0,40,0,4,0,0,0,0
93053,7,0,0,0,3,0,14,0,61,0,100,0,61,0,14,0,3,0,0,0
93053,33288,0,1,0,2,0,15,0,60,0,95,0,66,0,17,0,0,0,0,0
93053,33295,0,0,0,0,8,0,36,0,80,0,88,0,40,0,4,0,0,0,0
124984,0,0,0,1,0,6,0,35,0,84,0,87,0,38,0,5,0,0,0,0
124984,7,0,0,0,1,0,22,0,47,0,116,0,47,0,22,0,1,0,0,0
124984,33288,0,0,0,2,0,22,0,52,0,92,0,74,0,14,0,0,0,0,0
124984,33295,0,0,1,0,8,0,29,0,88,0,91,0,32,0,7,0,0,0,0
92213,0,0,1,0,2,0,15,0,60,0,95,0,66,0,17,0,0,0,0,0
92213,7,0,0,1,0,6,0,35,0,84,0,87,0,38,0,5,0,0,0,0
92213,33288,0,0,0,0,8,0,36,0,80,0,88,0,40,0,4,0,0,0,0
92213,33295,0,0,0,2,0,16,0,62,0,96,0,62,0,16,0,2,0,0,0
14691,0,0,0,0,0,10,0,30,0,84,0,92,0,34,0,6,0,0,0,0
14691,7,0,0,0,4,0,16,0,56,0,96,0,68,0,16,0,0,0,0,0
14691,33288,0,1,0,2,0,15,0,60,0,95,0,66,0,17,0,0,0,0,0
14691,33295,0,0,0,0,12,0,32,0,72,0,96,0,44,0,0,0,0,0,0
47470,0,0,1,0,2,0,15,0,60,0,95,0,66,0,17,0,0,0,0,0
47470,7,0,0,2,0,6,0,36,0,76,0,90,0,46,0,0,0,0,0,0
47470,33288,0,0,0,0,8,0,36,0,80,0,88,0,40,0,4,0,0,0,0
47470,33295,0,0,0,4,0,16,0,56,0,96,0,68,0,16,0,0,0,0,0
14891,0,0,0,0,2,0,22,0,52,0,92,0,74,0,14,0,0,0,0,0
14891,7,0,0,2,0,6,0,36,0,76,0,90,0,46,0,0,0,0,0,0
14891,33288,0,0,1,0,4,0,45,0,64,0,107,0,28,0,7,0,0,0,0
14891,33295,0,1,0,2,0,15,0,60,0,95,0,66,0,17,0,0,0,0,0
47654,0,0,0,1,0,6,0,35,0,84,0,87,0,38,0,5,0,0,0,0
47654,7,0,0,0,4,0,16,0,56,0,96,0,68,0,16,0,0,0,0,0
47654,33288,0,0,0,4,0,16,0,56,0,96,0,68,0,16,0,0,0,0,0
47654,33295,0,0,2,0,6,0,36,0,76,0,90,0,46,0,0,0,0,0,0
60259,0,0,0,0,0,10,0,30,0,84,0,92,0,34,0,6,0,0,0,0
60259,7,0,0,0,4,0,16,0,56,0,96,0,68,0,16,0,0,0,0,0
60259,33288,0,1,0,2,0,15,0,60,0,95,0,66,0,17,0,0,0,0,0
60259,33295,0,0,0,0,12,0,32,0,72,0,96,0,44,0,0,0,0,0,0
27502,0,0,1,0,2,0,15,0,60,0,95,0,66,0,17,0,0,0,0,0
27502,7,0,0,2,0,6,0,36,0,76,0,90,0,46,0,0,0,0,0,0
27502,33288,0,0,0,0,8,0,36,0,80,0,88,0,40,0,4,0,0,0,0
27502,33295,0,0,0,4,0,16,0,56,0,96,0,68,0,16,0,0,0,0,0
59435,0,0,0,0,2,0,22,0,52,0,92,0,74,0,14,0,0,0,0,0
59435,7,0,0,2,0,6,0,36,0,76,0,90,0,46,0,0,0,0,0,0
59435,33288,0,0,1,0,4,0,45,0,64,0,107,0,28,0,7,0,0,0,0
59435,33295,0,1,0,2,0,15,0,60,0,95,0,66,0,17,0,0,0,0,0
26662,0,0,0,1,0,6,0,35,0,84,0,87,0,38,0,5,0,0,0,0
26662,7,0,0,0,4,0,16,0,56,0,96,0,68,0,16,0,0,0,0,0
26662,33288,0,0,0,4,0,16,0,56,0,96,0,68,0,16,0,0,0,0,0
26662,33295,0,0,2,0,6,0,36,0,76,0,90,0,46,0,0,0,0,0,0
133510,0,0,0,1,0,8,0,29,0,88,0,91,0,32,0,7,0,0,0,0
133510,7,0,0,0,4,0,16,0,56,0,96,0,68,0,16,0,0,0,0,0
133510,33288,0,0,0,2,0,16,0,62,0,96,0,62,0,16,0,2,0,0,0
133510,33295,0,0,0,0,8,0,36,0,80,0,88,0,40,0,4,0,0,0,0
166283,0,0,0,0,1,0,20,0,57,0,96,0,67,0,12,0,3,0,0,0
166283,7,0,0,1,0,6,0,35,0,84,0,87,0,38,0,5,0,0,0,0
166283,33288,0,0,1,0,6,0,35,0,84,0,87,0,38,0,5,0,0,0,0
166283,33295,0,0,0,4,0,16,0,56,0,96,0,68,0,16,0,0,0,0,0
133838,0,0,0,0,2,0,16,0,62,0,96,0,62,0,16,0,2,0,0,0
133838,7,0,0,1,0,6,0,35,0,84,0,87,0,38,0,5,0,0,0,0
133838,33288,0,0,0,0,6,0,46,0,60,0,108,0,30,0,6,0,0,0,0
133838,33295,0,1,0,2,0,15,0,60,0,95,0,66,0,17,0,0,0,0,0
166595,0,0,0,0,0,8,0,36,0,80,0,88,0,40,0,4,0,0,0,0
166595,7,0,0,0,4,0,16,0,56,0,96,0,68,0,16,0,0,0,0,0
166595,33288,0,0,0,3,0,14,0,61,0,100,0,61,0,14,0,3,0,0,0
166595,33295,0,0,0,0,10,0,30,0,84,0,92,0,34,0,6,0,0,0,0
187270,0,0,0,1,0,8,0,29,0,88,0,91,0,32,0,7,0,0,0,0
187270,7,0,0,0,4,0,16,0,56,0,96,0,68,0,16,0,0,0,0,0
187270,33288,0,0,0,2,0,16,0,62,0,96,0,62,0,16,0,2,0,0,0
187270,33295,0,0,0,0,8,0,36,0,80,0,88,0,40,0,4,0,0,0,0
154507,0,0,0,0,1,0,20,0,57,0,96,0,67,0,12,0,3,0,0,0
154507,7,0,0,1,0,6,0,35,0,84,0,87,0,38,0,5,0,0,0,0
154507,33288,0,0,1,0,6,0,35,0,84,0,87,0,38,0,5,0,0,0,0
154507,33295,0,0,0,4,0,16,0,56,0,96,0,68,0,16,0,0,0,0,0
186574,0,0,0,0,2,0,16,0,62,0,96,0,62,0,16,0,2,0,0,0
186574,7,0,0,1,0,6,0,35,0,84,0,87,0,38,0,5,0,0,0,0
186574,33288,0,0,0,0,6,0,46,0,60,0,108,0,30,0,6,0,0,0,0
186574,33295,0,1,0,2,0,15,0,60,0,95,0,66,0,17,0,0,0,0,0
153795,0,0,0,0,0,8,0,36,0,80,0,88,0,40,0,4,0,0,0,0
153795,7,0,0,0,4,0,16,0,56,0,96,0,68,0,16,0,0,0,0,0
153795,33288,0,0,0,3,0,14,0,61,0,100,0,61,0,14,0,3,0,0,0
153795,33295,0,0,0,0,10,0,30,0,84,0,92,0,34,0,6,0,0,0,0
199061,0,0,0,0,3,0,14,0,61,0,100,0,61,0,14,0,3,0,0,0
199061,7,0,0,0,0,4,0,40,0,88,0,80,0,36,0,8,0,0,0,0
199061,33288,0,0,1,0,6,0,35,0,84,0,87,0,38,0,5,0,0,0,0
199061,33295,0,0,0,2,0,16,0,62,0,96,0,62,0,16,0,2,0,0,0
231832,0,0,0,1,0,6,0,35,0,84,0,87,0,38,0,5,0,0,0,0
231832,7,0,0,0,1,0,18,0,63,0,92,0,63,0,18,0,1,0,0,0
231832,33288,0,0,0,1,0,20,0,57,0,96,0,67,0,12,0,3,0,0,0
231832,33295,0,0,0,0,7,0,32,0,91,0,88,0,29,0,8,0,1,0,0
199389,0,0,0,0,0,8,0,36,0,80,0,88,0,40,0,4,0,0,0,0
199389,7,0,0,0,3,0,18,0,45,0,124,0,45,0,18,0,3,0,0,0
199389,33288,0,0,0,2,0,16,0,62,0,96,0,62,0,16,0,2,0,0,0
199389,33295,0,0,0,0,4,0,40,0,88,0,80,0,36,0,8,0,0,0,0
232144,0,0,0,0,2,0,16,0,62,0,96,0,62,0,16,0,2,0,0,0
232144,7,0,0,0,0,5,0,38,0,87,0,84,0,35,0,6,0,1,0,0
232144,33288,0,0,1,0,6,0,35,0,84,0,87,0,38,0,5,0,0,0,0
232144,33295,0,0,0,2,0,16,0,62,0,96,0,62,0,16,0,2,0,0,0
252821,0,0,0,0,3,0,14,0,61,0,100,0,61,0,14,0,3,0,0,0
252821,7,0,0,0,0,4,0,40,0,88,0,80,0,36,0,8,0,0,0,0
252821,33288,0,0,1,0,6,0,35,0,84,0,87,0,38,0,5,0,0,0,0
252821,33295,0,0,0,2,0,16,0,62,0,96,0,62,0,16,0,2,0,0,0
220056,0,0,0,1,0,6,0,35,0,84,0,87,0,38,0,5,0,0,0,0
220056,7,0,0,0,1,0,18,0,63,0,92,0,63,0,18,0,1,0,0,0
220056,33288,0,0,0,1,0,20,0,57,0,96,0,67,0,12,0,3,0,0,0
220056,33295,0,0,0,0,7,0,32,0,91,0,88,0,29,0,8,0,1,0,0
252125,0,0,0,0,0,8,0,36,0,80,0,88,0,40,0,4,0,0,0,0
252125,7,0,0,0,3,0,18,0,45,0,124,0,45,0,18,0,3,0,0,0
252125,33288,0,0,0,2,0,16,0,62,0,96,0,62,0,16,0,2,0,0,0
252125,33295,0,0,0,0,4,0,40,0,88,0,80,0,36,0,8,0,0,0,0
219344,0,0,0,0,2,0,16,0,62,0,96,0,62,0,16,0,2,0,0,0
219344,7,0,0,0,0,5,0,38,0,87,0,84,0,35,0,6,0,1,0,0
219344,33288,0,0,1,0,6,0,35,0,84,0,87,0,38,0,5,0,0,0,0
219344,33295,0,0,0,2,0,16,0,62,0,96,0,62,0,16,0,2,0,0,0
134486,0,0,0,0,1,0,20,0,57,0,96,0,67,0,12,0,3,0,0,0
134486,7,0,0,1,0,6,0,35,0,84,0,87,0,38,0,5,0,0,0,0
134486,33288,0,0,1,0,6,0,35,0,84,0,87,0,38,0,5,0,0,0,0
134486,33295,0,0,0,4,0,16,0,56,0,96,0,68,0,16,0,0,0,0,0
167259,0,0,0,1,0,6,0,35,0,84,0,87,0,38,0,5,0,0,0,0
167259,7,0,1,0,2,0,15,0,60,0,95,0,66,0,17,0,0,0,0,0
167259,33288,0,0,0,1,0,18,0,63,0,92,0,63,0,18,0,1,0,0,0
167259,33295,0,0,0,0,10,0,30,0,84,0,92,0,34,0,6,0,0,0,0
134686,0,0,0,1,0,6,0,35,0,84,0,87,0,38,0,5,0,0,0,0
134686,7,0,0,0,2,0,22,0,52,0,92,0,74,0,14,0,0,0,0,0
134686,33288,0,0,0,2,0,16,0,62,0,96,0,62,0,16,0,2,0,0,0
134686,33295,0,0,2,0,4,0,34,0,88,0,86,0,36,0,6,0,0,0,0
167443,0,0,0,0,3,0,12,0,67,0,96,0,57,0,20,0,1,0,0,0
167443,7,0,0,0,0,10,0,30,0,84,0,92,0,34,0,6,0,0,0,0
167443,33288,0,0,1,0,8,0,29,0,88,0,91,0,32,0,7,0,0,0,0
167443,33295,0,0,0,4,0,12,0,72,0,72,0,84,0,12,0,0,0,0,0
188246,0,0,0,0,1,0,20,0,57,0,96,0,67,0,12,0,3,0,0,0
188246,7,0,0,1,0,6,0,35,0,84,0,87,0,38,0,5,0,0,0,0
188246,33288,0,0,1,0,6,0,35,0,84,0,87,0,38,0,5,0,0,0,0
188246,33295,0,0,0,4,0,16,0,56,0,96,0,68,0,16,0,0,0,0,0
155483,0,0,0,1,0,6,0,35,0,84,0,87,0,38,0,5,0,0,0,0
155483,7,0,1,0,2,0,15,0,60,0,95,0,66,0,17,0,0,0,0,0
155483,33288,0,0,0,1,0,18,0,63,0,92,0,63,0,18,0,1,0,0,0
155483,33295,0,0,0,0,10,0,30,0,84,0,92,0,34,0,6,0,0,0,0
187422,0,0,0,1,0,6,0,35,0,84,0,87,0,38,0,5,0,0,0,0
187422,7,0,0,0,2,0,22,0,52,0,92,0,74,0,14,0,0,0,0,0
187422,33288,0,0,0,2,0,16,0,62,0,96,0,62,0,16,0,2,0,0,0
187422,33295,0,0,2,0,4,0,34,0,88,0,86,0,36,0,6,0,0,0,0
154643,0,0,0,0,3,0,12,0,67,0,96,0,57,0,20,0,1,0,0,0
154643,7,0,0,0,0,10,0,30,0,84,0,92,0,34,0,6,0,0,0,0
154643,33288,0,0,1,0,8,0,29,0,88,0,91,0,32,0,7,0,0,0,0
154643,33295,0,0,0,4,0,12,0,72,0,72,0,84,0,12,0,0,0,0,0
200005,0,0,0,0,0,12,0,32,0,72,0,96,0,44,0,0,0,0,0,0
200005,7,0,0,0,4,0,16,0,56,0,96,0,68,0,16,0,0,0,0,0
200005,33288,0,1,0,2,0,15,0,60,0,95,0,66,0,17,0,0,0,0,0
200005,33295,0,0,1,0,6,0,35,0,84,0,87,0,38,0,5,0,0,0,0
232776,0,0,0,0,2,0,22,0,52,0,92,0,74,0,14,0,0,0,0,0
232776,7,0,0,2,0,4,0,34,0,88,0,86,0,36,0,6,0,0,0,0
232776,33288,0,0,2,0,6,0,36,0,76,0,90,0,46,0,0,0,0,0,0
232776,33295,0,0,0,4,0,16,0,56,0,96,0,68,0,16,0,0,0,0,0
200205,0,0,0,0,4,0,16,0,56,0,96,0,68,0,16,0,0,0,0,0
200205,7,0,0,0,0,10,0,30,0,84,0,92,0,34,0,6,0,0,0,0
200205,33288,0,0,2,0,6,0,36,0,76,0,90,0,46,0,0,0,0,0,0
200205,33295,0,0,0,4,0,16,0,56,0,96,0,68,0,16,0,0,0,0,0
232960,0,1,0,0,0,9,0,24,0,99,0,72,0,51,0,0,0,0,0,0
232960,7,0,0,0,2,0,22,0,52,0,92,0,74,0,14,0,0,0,0,0
232960,33288,0,0,0,2,0,22,0,52,0,92,0,74,0,14,0,0,0,0,0
232960,33295,0,0,0,0,10,0,30,0,84,0,92,0,34,0,6,0,0,0,0
253765,0,0,0,0,0,12,0,32,0,72,0,96,0,44,0,0,0,0,0,0
253765,7,0,0,0,4,0,16,0,56,0,96,0,68,0,16,0,0,0,0,0
253765,33288,0,1,0,2,0,15,0,60,0,95,0,66,0,17,0,0,0,0,0
253765,33295,0,0,1,0,6,0,35,0,84,0,87,0,38,0,5,0,0,0,0
221000,0,0,0,0,2,0,22,0,52,0,92,0,74,0,14,0,0,0,0,0
221000,7,0,0,2,0,4,0,34,0,88,0,86,0,36,0,6,0,0,0,0
221000,33288,0,0,2,0,6,0,36,0,76,0,90,0,46,0,0,0,0,0,0
221000,33295,0,0,0,4,0,16,0,56,0,96,0,68,0,16,0,0,0,0,0
252941,0,0,0,0,4,0,16,0,56,0,96,0,68,0,16,0,0,0,0,0
252941,7,0,0,0,0,10,0,30,0,84,0,92,0,34,0,6,0,0,0,0
252941,33288,0,0,2,0,6,0,36,0,76,0,90,0,46,0,0,0,0,0,0
252941,33295,0,0,0,4,0,16,0,56,0,96,0,68,0,16,0,0,0,0,0
220160,0,1,0,0,0,9,0,24,0,99,0,72,0,51,0,0,0,0,0,0
220160,7,0,0,0,2,0,22,0,52,0,92,0,74,0,14,0,0,0,0,0
220160,33288,0,0,0,2,0,22,0,52,0,92,0,74,0,14,0,0,0,0,0
220160,33295,0,0,0,0,10,0,30,0,84,0,92,0,34,0,6,0,0,0,0
212358,0,0,0,1,0,8,0,29,0,88,0,91,0,32,0,7,0,0,0,0
212358,7,0,0,0,4,0,16,0,56,0,96,0,68,0,16,0,0,0,0,0
212358,33288,0,0,0,2,0,16,0,62,0,96,0,62,0,16,0,2,0,0,0
212358,33295,0,0,0,0,8,0,36,0,80,0,88,0,40,0,4,0,0,0,0
245131,0,0,0,0,1,0,20,0,57,0,96,0,67,0,12,0,3,0,0,0
245131,7,0,0,1,0,6,0,35,0,84,0,87,0,38,0,5,0,0,0,0
245131,33288,0,0,1,0,6,0,35,0,84,0,87,0,38,0,5,0,0,0,0
245131,33295,0,0,0,4,0,16,0,56,0,96,0,68,0,16,0,0,0,0,0
212686,0,0,0,0,2,0,16,0,62,0,96,0,62,0,16,0,2,0,0,0
212686,7,0,0,1,0,6,0,35,0,84,0,87,0,38,0,5,0,0,0,0
212686,33288,0,0,0,0,6,0,46,0,60,0,108,0,30,0,6,0,0,0,0
212686,33295,0,1,0,2,0,15,0,60,0,95,0,66,0,17,0,0,0,0,0
245443,0,0,0,0,0,8,0,36,0,80,0,88,0,40,0,4,0,0,0,0
245443,7,0,0,0,4,0,16,0,56,0,96,0,68,0,16,0,0,0,0,0
245443,33288,0,0,0,3,0,14,0,61,0,100,0,61,0,14,0,3,0,0,0
245443,33295,0,0,0,0,10,0,30,0,84,0,92,0,34,0,6,0,0,0,0
257926,0,0,0,1,0,8,0,29,0,88,0,91,0,32,0,7,0,0,0,0
257926,7,0,0,0,4,0,16,0,56,0,96,0,68,0,16,0,0,0,0,0
257926,33288,0,0,0,2,0,16,0,62,0,96,0,62,0,16,0,2,0,0,0
257926,33295,0,0,0,0,8,0,36,0,80,0,88,0,40,0,4,0,0,0,0
225163,0,0,0,0,1,0,20,0,57,0,96,0,67,0,12,0,3,0,0,0
225163,7,0,0,1,0,6,0,35,0,84,0,87,0,38,0,5,0,0,0,0
225163,33288,0,0,1,0,6,0,35,0,84,0,87,0,38,0,5,0,0,0,0
225163,33295,0,0,0,4,0,16,0,56,0,96,0,68,0,16,0,0,0,0,0
257230,0,0,0,0,2,0,16,0,62,0,96,0,62,0,16,0,2,0,0,0
257230,7,0,0,1,0,6,0,35,0,84,0,87,0,38,0,5,0,0,0,0
257230,33288,0,0,0,0,6,0,46,0,60,0,108,0,30,0,6,0,0,0,0
257230,33295,0,1,0,2,0,15,0,60,0,95,0,66,0,17,0,0,0,0,0
224451,0,0,0,0,0,8,0,36,0,80,0,88,0,40,0,4,0,0,0,0
224451,7,0,0,0,4,0,16,0,56,0,96,0,68,0,16,0,0,0,0,0
224451,33288,0,0,0,3,0,14,0,61,0,100,0,61,0,14,0,3,0,0,0
224451,33295,0,0,0,0,10,0,30,0,84,0,92,0,34,0,6,0,0,0,0
146837,0,0,0,0,3,0,14,0,61,0,100,0,61,0,14,0,3,0,0,0
146837,7,0,0,0,0,4,0,40,0,88,0,80,0,36,0,8,0,0,0,0
146837,33288,0,0,1,0,6,0,35,0,84,0,87,0,38,0,5,0,0,0,0
146837,33295,0,0,0,2,0,16,0,62,0,96,0,62,0,16,0,2,0,0,0
179608,0,0,0,1,0,6,0,35,0,84,0,87,0,38,0,5,0,0,0,0
179608,7,0,0,0,1,0,18,0,63,0,92,0,63,0,18,0,1,0,0,0
179608,33288,0,0,0,1,0,20,0,57,0,96,0,67,0,12,0,3,0,0,0
179608,33295,0,0,0,0,7,0,32,0,91,0,88,0,29,0,8,0,1,0,0
147165,0,0,0,0,0,8,0,36,0,80,0,88,0,40,0,4,0,0,0,0
147165,7,0,0,0,3,0,18,0,45,0,124,0,45,0,18,0,3,0,0,0
147165,33288,0,0,0,2,0,16,0,62,0,96,0,62,0,16,0,2,0,0,0
147165,33295,0,0,0,0,4,0,40,0,88,0,80,0,36,0,8,0,0,0,0
179920,0,0,0,0,2,0,16,0,62,0,96,0,62,0,16,0,2,0,0,0
179920,7,0,0,0,0,5,0,38,0,87,0,84,0,35,0,6,0,1,0,0
179920,33288,0,0,1,0,6,0,35,0,84,0,87,0,38,0,5,0,0,0,0
179920,33295,0,0,0,2,0,16,0,62,0,96,0,62,0,16,0,2,0,0,0
192405,0,0,0,0,3,0,14,0,61,0,100,0,61,0,14,0,3,0,0,0
192405,7,0,0,0,0,4,0,40,0,88,0,80,0,36,0,8,0,0,0,0
192405,33288,0,0,1,0,6,0,35,0,84,0,87,0,38,0,5,0,0,0,0
192405,33295,0,0,0,2,0,16,0,62,0,96,0,62,0,16,0,2,0,0,0
159640,0,0,0,1,0,6,0,35,0,84,0,87,0,38,0,5,0,0,0,0
159640,7,0,0,0,1,0,18,0,63,0,92,0,63,0,18,0,1,0,0,0
159640,33288,0,0,0,1,0,20,0,57,0,96,0,67,0,12,0,3,0,0,0
159640,33295,0,0,0,0,7,0,32,0,91,0,88,0,29,0,8,0,1,0,0
191709,0,0,0,0,0,8,0,36,0,80,0,88,0,40,0,4,0,0,0,0
191709,7,0,0,0,3,0,18,0,45,0,124,0,45,0,18,0,3,0,0,0
191709,33288,0,0,0,2,0,16,0,62,0,96,0,62,0,16,0,2,0,0,0
191709,33295,0,0,0,0,4,0,40,0,88,0,80,0,36,0,8,0,0,0,0
158928,0,0,0,0,2,0,16,0,62,0,96,0,62,0,16,0,2,0,0,0
158928,7,0,0,0,0,5,0,38,0,87,0,84,0,35,0,6,0,1,0,0
158928,33288,0,0,1,0,6,0,35,0,84,0,87,0,38,0,5,0,0,0,0
158928,33295,0,0,0,2,0,16,0,62,0,96,0,62,0,16,0,2,0,0,0
211286,0,0,0,0,1,0,20,0,57,0,96,0,67,0,12,0,3,0,0,0
211286,7,0,0,1,0,6,0,35,0,84,0,87,0,38,0,5,0,0,0,0
211286,33288,0,0,1,0,6,0,35,0,84,0,87,0,38,0,5,0,0,0,0
211286,33295,0,0,0,4,0,16,0,56,0,96,0,68,0,16,0,0,0,0,0
244059,0,0,0,1,0,6,0,35,0,84,0,87,0,38,0,5,0,0,0,0
244059,7,0,1,0,2,0,15,0,60,0,95,0,66,0,17,0,0,0,0,0
244059,33288,0,0,0,1,0,18,0,63,0,92,0,63,0,18,0,1,0,0,0
244059,33295,0,0,0,0,10,0,30,0,84,0,92,0,34,0,6,0,0,0,0
211486,0,0,0,1,0,6,0,35,0,84,0,87,0,38,0,5,0,0,0,0
211486,7,0,0,0,2,0,22,0,52,0,92,0,74,0,14,0,0,0,0,0
211486,33288,0,0,0,2,0,16,0,62,0,96,0,62,0,16,0,2,0,0,0
211486,33295,0,0,2,0,4,0,34,0,88,0,86,0,36,0,6,0,0,0,0
244243,0,0,0,0,3,0,12,0,67,0,96,0,57,0,20,0,1,0,0,0
244243,7,0,0,0,0,10,0,30,0,84,0,92,0,34,0,6,0,0,0,0
244243,33288,0,0,1,0,8,0,29,0,88,0,91,0,32,0,7,0,0,0,0
244243,33295,0,0,0,4,0,12,0,72,0,72,0,84,0,12,0,0,0,0,0
256854,0,0,0,0,1,0,20,0,57,0,96,0,67,0,12,0,3,0,0,0
256854,7,0,0,1,0,6,0,35,0,84,0,87,0,38,0,5,0,0,0,0
256854,33288,0,0,1,0,6,0,35,0,84,0,87,0,38,0,5,0,0,0,0
256854,33295,0,0,0,4,0,16,0,56,0,96,0,68,0,16,0,0,0,0,0
224091,0,0,0,1,0,6,0,35,0,84,0,87,0,38,0,5,0,0,0,0
224091,7,0,1,0,2,0,15,0,60,0,95,0,66,0,17,0,0,0,0,0
224091,33288,0,0,0,1,0,18,0,63,0,92,0,63,0,18,0,1,0,0,0
224091,33295,0,0,0,0,10,0,30,0,84,0,92,0,34,0,6,0,0,0,0
256030,0,0,0,1,0,6,0,35,0,84,0,87,0,38,0,5,0,0,0,0
256030,7,0,0,0,2,0,22,0,52,0,92,0,74,0,14,0,0,0,0,0
256030,33288,0,0,0,2,0,16,0,62,0,96,0,62,0,16,0,2,0,0,0
256030,33295,0,0,2,0,4,0,34,0,88,0,86,0,36,0,6,0,0,0,0
223251,0,0,0,0,3,0,12,0,67,0,96,0,57,0,20,0,1,0,0,0
223251,7,0,0,0,0,10,0,30,0,84,0,92,0,34,0,6,0,0,0,0
223251,33288,0,0,1,0,8,0,29,0,88,0,91,0,32,0,7,0,0,0,0
223251,33295,0,0,0,4,0,12,0,72,0,72,0,84,0,12,0,0,0,0,0
145733,0,0,0,0,0,12,0,32,0,72,0,96,0,44,0,0,0,0,0,0
145733,7,0,0,0,4,0,16,0,56,0,96,0,68,0,16,0,0,0,0,0
145733,33288,0,1,0,2,0,15,0,60,0,95,0,66,0,17,0,0,0,0,0
145733,33295,0,0,1,0,6,0,35,0,84,0,87,0,38,0,5,0,0,0,0
178504,0,0,0,0,2,0,22,0,52,0,92,0,74,0,14,0,0,0,0,0
178504,7,0,0,2,0,4,0,34,0,88,0,86,0,36,0,6,0,0,0,0
178504,33288,0,0,2,0,6,0,36,0,76,0,90,0,46,0,0,0,0,0,0
178504,33295,0,0,0,4,0,16,0,56,0,96,0,68,0,16,0,0,0,0,0
145933,0,0,0,0,4,0,16,0,56,0,96,0,68,0,16,0,0,0,0,0
145933,7,0,0,0,0,10,0,30,0,84,0,92,0,34,0,6,0,0,0,0
145933,33288,0,0,2,0,6,0,36,0,76,0,90,0,46,0,0,0,0,0,0
145933,33295,0,0,0,4,0,16,0,56,0,96,0,68,0,16,0,0,0,0,0
178688,0,1,0,0,0,9,0,24,0,99,0,72,0,51,0,0,0,0,0,0
178688,7,0,0,0,2,0,22,0,52,0,92,0,74,0,14,0,0,0,0,0
178688,33288,0,0,0,2,0,22,0,52,0,92,0,74,0,14,0,0,0,0,0
178688,33295,0,0,0,0,10,0,30,0,84,0,92,0,34,0,6,0,0,0,0
191301,0,0,0,0,0,12,0,32,0,72,0,96,0,44,0,0,0,0,0,0
191301,7,0,0,0,4,0,16,0,56,0,96,0,68,0,16,0,0,0,0,0
191301,33288,0,1,0,2,0,15,0,60,0,95,0,66,0,17,0,0,0,0,0
191301,33295,0,0,1,0,6,0,35,0,84,0,87,0,38,0,5,0,0,0,0
158536,0,0,0,0,2,0,22,0,52,0,92,0,74,0,14,0,0,0,0,0
158536,7,0,0,2,0,4,0,34,0,88,0,86,0,36,0,6,0,0,0,0
158536,33288,0,0,2,0,6,0,36,0,76,0,90,0,46,0,0,0,0,0,0
158536,33295,0,0,0,4,0,16,0,56,0,96,0,68,0,16,0,0,0,0,0
190477,0,0,0,0,4,0,16,0,56,0,96,0,68,0,16,0,0,0,0,0
190477,7,0,0,0,0,10,0,30,0,84,0,92,0,34,0,6,0,0,0,0
190477,33288,0,0,2,0,6,0,36,0,76,0,90,0,46,0,0,0,0,0,0
190477,33295,0,0,0,4,0,16,0,56,0,96,0,68,0,16,0,0,0,0,0
157696,0,1,0,0,0,9,0,24,0,99,0,72,0,51,0,0,0,0,0,0
157696,7,0,0,0,2,0,22,0,52,0,92,0,74,0,14,0,0,0,0,0
157696,33288,0,0,0,2,0,22,0,52,0,92,0,74,0,14,0,0,0,0,0
157696,33295,0,0,0,0,10,0,30,0,84,0,92,0,34,0,6,0,0,0,0
